"x","y","z"
1,0,0
1.0898,0.0001077,0
1.1797,0.00018677,0
1.2696,0.00021204,0
1.3594,0.00018509,0
1.4493,0.00010745,0
1.5392,-1.9342e-05,0
1.6291,-0.00019373,0
1.7189,-0.00041411,0
1.8088,-0.00067885,0
1.8987,-0.00098629,0
1.9886,-0.0013347,0
2.0785,-0.0017223,0
2.1685,-0.0021473,0
2.2584,-0.0026079,0
2.3483,-0.003102,0
2.4382,-0.0036276,0
2.5282,-0.0041828,0
2.6181,-0.0047652,0
2.708,-0.0053726,0
2.798,-0.0060025,0
2.8879,-0.0066526,0
2.9779,-0.00732,0
3.0679,-0.008002,0
3.1578,-0.0086956,0
3.2478,-0.0093976,0
3.3378,-0.010104,0
3.4278,-0.010813,0
3.5178,-0.011518,0
3.6078,-0.012217,0
3.6978,-0.012904,0
3.7878,-0.013574,0
3.8778,-0.014221,0
3.9678,-0.01484,0
4.0579,-0.015423,0
4.1479,-0.015962,0
4.2379,-0.016449,0
4.328,-0.016873,0
4.4181,-0.017223,0
4.5081,-0.017484,0
4.5982,-0.017641,0
4.6883,-0.017673,0
4.7784,-0.017557,0
4.8685,-0.017262,0
4.9586,-0.016749,0
5.0488,-0.015964,0
5.1389,-0.014835,0
5.2291,-0.013247,0
5.3193,-0.011013,0
5.4096,-0.0077517,0
5.5,0,0
0.98134,0.010198,0
1.0715,0.0037773,0
1.1617,-0.0025929,0
1.2518,-0.0089664,0
1.342,-0.015343,0
1.4321,-0.021724,0
1.5223,-0.02811,0
1.6124,-0.0345,0
1.7026,-0.040894,0
1.7927,-0.047294,0
1.8829,-0.0537,0
1.973,-0.060111,0
2.0631,-0.066529,0
2.1533,-0.072952,0
2.2434,-0.079382,0
2.3335,-0.085819,0
2.4237,-0.092262,0
2.5138,-0.098711,0
2.6039,-0.10517,0
2.694,-0.11163,0
2.7842,-0.1181,0
2.8743,-0.12458,0
2.9644,-0.13106,0
3.0545,-0.13755,0
3.1446,-0.14405,0
3.2348,-0.15055,0
3.3249,-0.15706,0
3.415,-0.16358,0
3.5051,-0.1701,0
3.5953,-0.17663,0
3.6854,-0.18316,0
3.7755,-0.18969,0
3.8657,-0.19624,0
3.9558,-0.20278,0
4.046,-0.20933,0
4.1361,-0.21588,0
4.2263,-0.22243,0
4.3164,-0.22899,0
4.4066,-0.23554,0
4.4968,-0.2421,0
4.5869,-0.24865,0
4.6771,-0.2552,0
4.7673,-0.26175,0
4.8576,-0.26829,0
4.9478,-0.27483,0
5.038,-0.28136,0
5.1283,-0.28787,0
5.2186,-0.29438,0
5.309,-0.30087,0
5.3994,-0.30736,0
5.4901,-0.31395,0
0.96175,0.021636,0
1.0517,0.0087233,0
1.1417,-0.004138,0
1.2317,-0.017001,0
1.3216,-0.029866,0
1.4116,-0.042733,0
1.5016,-0.055602,0
1.5915,-0.068473,0
1.6815,-0.081346,0
1.7714,-0.094222,0
1.8614,-0.1071,0
1.9513,-0.11998,0
2.0413,-0.13286,0
2.1312,-0.14575,0
2.2212,-0.15864,0
2.3111,-0.17153,0
2.4011,-0.18442,0
2.491,-0.19732,0
2.5809,-0.21022,0
2.6709,-0.22312,0
2.7608,-0.23603,0
2.8507,-0.24894,0
2.9407,-0.26186,0
3.0306,-0.27478,0
3.1205,-0.2877,0
3.2105,-0.30063,0
3.3004,-0.31356,0
3.3903,-0.3265,0
3.4802,-0.33944,0
3.5702,-0.35238,0
3.6601,-0.36534,0
3.75,-0.37829,0
3.84,-0.39126,0
3.9299,-0.40423,0
4.0199,-0.4172,0
4.1098,-0.43018,0
4.1997,-0.44317,0
4.2897,-0.45617,0
4.3796,-0.46918,0
4.4696,-0.48219,0
4.5596,-0.49522,0
4.6496,-0.50825,0
4.7395,-0.5213,0
4.8296,-0.53436,0
4.9196,-0.54743,0
5.0096,-0.56053,0
5.0997,-0.57364,0
5.1898,-0.58678,0
5.2799,-0.59996,0
5.3701,-0.61319,0
5.4606,-0.62667,0
0.94161,0.033318,0
1.031,0.013966,0
1.1204,-0.0053349,0
1.2098,-0.024637,0
1.2992,-0.043942,0
1.3886,-0.063248,0
1.478,-0.082555,0
1.5674,-0.10186,0
1.6568,-0.12118,0
1.7461,-0.14049,0
1.8355,-0.15981,0
1.9249,-0.17912,0
2.0143,-0.19844,0
2.1036,-0.21777,0
2.193,-0.23709,0
2.2824,-0.25642,0
2.3717,-0.27575,0
2.4611,-0.29508,0
2.5505,-0.31442,0
2.6398,-0.33376,0
2.7292,-0.3531,0
2.8185,-0.37244,0
2.9079,-0.39179,0
2.9972,-0.41114,0
3.0866,-0.4305,0
3.1759,-0.44986,0
3.2653,-0.46922,0
3.3547,-0.48859,0
3.444,-0.50797,0
3.5334,-0.52734,0
3.6227,-0.54673,0
3.7121,-0.56612,0
3.8014,-0.58551,0
3.8908,-0.60491,0
3.9801,-0.62432,0
4.0695,-0.64373,0
4.1589,-0.66315,0
4.2482,-0.68258,0
4.3376,-0.70202,0
4.427,-0.72147,0
4.5164,-0.74093,0
4.6058,-0.7604,0
4.6952,-0.77989,0
4.7846,-0.79939,0
4.874,-0.81891,0
4.9635,-0.83845,0
5.0529,-0.85801,0
5.1424,-0.8776,0
5.232,-0.89724,0
5.3216,-0.91694,0
5.4114,-0.93691,0
0.92095,0.045204,0
1.0094,0.019483,0
1.0978,-0.0061879,0
1.1863,-0.03186,0
1.2747,-0.057534,0
1.3632,-0.083209,0
1.4516,-0.10889,0
1.54,-0.13456,0
1.6285,-0.16024,0
1.7169,-0.18593,0
1.8053,-0.21161,0
1.8938,-0.2373,0
1.9822,-0.26298,0
2.0706,-0.28868,0
2.159,-0.31437,0
2.2474,-0.34006,0
2.3358,-0.36576,0
2.4243,-0.39146,0
2.5127,-0.41716,0
2.6011,-0.44287,0
2.6895,-0.46858,0
2.7779,-0.49429,0
2.8663,-0.52,0
2.9547,-0.54572,0
3.0431,-0.57144,0
3.1315,-0.59717,0
3.2199,-0.6229,0
3.3083,-0.64863,0
3.3967,-0.67437,0
3.4851,-0.70011,0
3.5735,-0.72586,0
3.6619,-0.75162,0
3.7503,-0.77738,0
3.8387,-0.80314,0
3.9271,-0.82892,0
4.0155,-0.8547,0
4.1039,-0.88049,0
4.1923,-0.90628,0
4.2807,-0.93209,0
4.3691,-0.9579,0
4.4575,-0.98373,0
4.546,-1.0096,0
4.6344,-1.0354,0
4.7229,-1.0613,0
4.8113,-1.0872,0
4.8998,-1.1131,0
4.9883,-1.139,0
5.0768,-1.165,0
5.1654,-1.191,0
5.254,-1.2171,0
5.3429,-1.2434,0
0.89983,0.057256,0
0.98695,0.02526,0
1.0741,-0.0066862,0
1.1612,-0.038634,0
1.2483,-0.070583,0
1.3354,-0.10253,0
1.4225,-0.13448,0
1.5097,-0.16644,0
1.5968,-0.19839,0
1.6839,-0.23035,0
1.771,-0.26231,0
1.8581,-0.29426,0
1.9452,-0.32623,0
2.0323,-0.35819,0
2.1194,-0.39016,0
2.2064,-0.42212,0
2.2935,-0.45409,0
2.3806,-0.48606,0
2.4677,-0.51804,0
2.5548,-0.55002,0
2.6419,-0.582,0
2.7289,-0.61398,0
2.816,-0.64597,0
2.9031,-0.67796,0
2.9902,-0.70995,0
3.0772,-0.74195,0
3.1643,-0.77395,0
3.2514,-0.80596,0
3.3384,-0.83797,0
3.4255,-0.86998,0
3.5126,-0.902,0
3.5996,-0.93402,0
3.6867,-0.96606,0
3.7738,-0.99809,0
3.8608,-1.0301,0
3.9479,-1.0622,0
4.035,-1.0942,0
4.1221,-1.1263,0
4.2092,-1.1584,0
4.2962,-1.1905,0
4.3833,-1.2226,0
4.4704,-1.2547,0
4.5575,-1.2868,0
4.6447,-1.319,0
4.7318,-1.3511,0
4.8189,-1.3833,0
4.9061,-1.4155,0
4.9933,-1.4478,0
5.0805,-1.4801,0
5.1678,-1.5124,0
5.2553,-1.5451,0
0.8783,0.069436,0
0.96372,0.031284,0
1.0492,-0.0068186,0
1.1346,-0.044922,0
1.22,-0.083027,0
1.3054,-0.12113,0
1.3909,-0.15924,0
1.4763,-0.19735,0
1.5617,-0.23546,0
1.6471,-0.27357,0
1.7325,-0.31168,0
1.8179,-0.3498,0
1.9033,-0.38791,0
1.9887,-0.42603,0
2.0741,-0.46415,0
2.1595,-0.50227,0
2.2449,-0.54039,0
2.3303,-0.57852,0
2.4157,-0.61665,0
2.5011,-0.65478,0
2.5865,-0.69291,0
2.6719,-0.73105,0
2.7572,-0.76919,0
2.8426,-0.80733,0
2.928,-0.84547,0
3.0134,-0.88362,0
3.0988,-0.92178,0
3.1841,-0.95993,0
3.2695,-0.9981,0
3.3549,-1.0363,0
3.4402,-1.0744,0
3.5256,-1.1126,0
3.611,-1.1508,0
3.6964,-1.189,0
3.7817,-1.2272,0
3.8671,-1.2654,0
3.9525,-1.3036,0
4.0379,-1.3418,0
4.1233,-1.38,0
4.2086,-1.4183,0
4.294,-1.4565,0
4.3794,-1.4948,0
4.4648,-1.5331,0
4.5502,-1.5714,0
4.6357,-1.6097,0
4.7211,-1.648,0
4.8066,-1.6864,0
4.892,-1.7248,0
4.9775,-1.7633,0
5.0631,-1.8018,0
5.1489,-1.8406,0
0.85641,0.081707,0
0.93978,0.037543,0
1.0232,-0.0065734,0
1.1065,-0.05069,0
1.1899,-0.094808,0
1.2733,-0.13893,0
1.3567,-0.18305,0
1.44,-0.22717,0
1.5234,-0.27129,0
1.6068,-0.31541,0
1.6901,-0.35954,0
1.7735,-0.40366,0
1.8568,-0.44779,0
1.9402,-0.49192,0
2.0235,-0.53605,0
2.1069,-0.58018,0
2.1902,-0.62431,0
2.2736,-0.66845,0
2.3569,-0.71259,0
2.4402,-0.75673,0
2.5236,-0.80087,0
2.6069,-0.84502,0
2.6902,-0.88916,0
2.7735,-0.93332,0
2.8569,-0.97747,0
2.9402,-1.0216,0
3.0235,-1.0658,0
3.1068,-1.11,0
3.1901,-1.1541,0
3.2735,-1.1983,0
3.3568,-1.2425,0
3.4401,-1.2867,0
3.5234,-1.3309,0
3.6067,-1.3751,0
3.69,-1.4193,0
3.7734,-1.4635,0
3.8567,-1.5077,0
3.94,-1.5519,0
4.0233,-1.5962,0
4.1067,-1.6404,0
4.19,-1.6847,0
4.2733,-1.7289,0
4.3567,-1.7732,0
4.44,-1.8175,0
4.5234,-1.8619,0
4.6067,-1.9062,0
4.6901,-1.9506,0
4.7735,-1.995,0
4.857,-2.0395,0
4.9405,-2.084,0
5.0241,-2.1289,0
0.83421,0.094034,0
0.91518,0.044024,0
0.99616,-0.0059388,0
1.0771,-0.055903,0
1.1581,-0.10587,0
1.2391,-0.15583,0
1.3201,-0.2058,0
1.401,-0.25576,0
1.482,-0.30573,0
1.5629,-0.3557,0
1.6439,-0.40567,0
1.7249,-0.45564,0
1.8058,-0.50561,0
1.8867,-0.55558,0
1.9677,-0.60556,0
2.0486,-0.65553,0
2.1296,-0.70551,0
2.2105,-0.75549,0
2.2914,-0.80547,0
2.3724,-0.85545,0
2.4533,-0.90544,0
2.5342,-0.95543,0
2.6151,-1.0054,0
2.6961,-1.0554,0
2.777,-1.1054,0
2.8579,-1.1554,0
2.9388,-1.2054,0
3.0197,-1.2554,0
3.1006,-1.3054,0
3.1816,-1.3555,0
3.2625,-1.4055,0
3.3434,-1.4555,0
3.4243,-1.5055,0
3.5052,-1.5556,0
3.5861,-1.6056,0
3.667,-1.6557,0
3.7479,-1.7057,0
3.8288,-1.7558,0
3.9098,-1.8059,0
3.9907,-1.856,0
4.0716,-1.9061,0
4.1525,-1.9562,0
4.2335,-2.0063,0
4.3144,-2.0565,0
4.3953,-2.1066,0
4.4763,-2.1568,0
4.5572,-2.2071,0
4.6382,-2.2573,0
4.7192,-2.3076,0
4.8003,-2.358,0
4.8815,-2.4088,0
0.81175,0.10638,0
0.88997,0.050718,0
0.96821,-0.0049028,0
1.0464,-0.060524,0
1.1247,-0.11615,0
1.2029,-0.17177,0
1.2811,-0.22739,0
1.3594,-0.28301,0
1.4376,-0.33863,0
1.5158,-0.39426,0
1.594,-0.44988,0
1.6722,-0.50551,0
1.7504,-0.56114,0
1.8286,-0.61676,0
1.9068,-0.67239,0
1.985,-0.72802,0
2.0632,-0.78365,0
2.1414,-0.83929,0
2.2196,-0.89492,0
2.2978,-0.95056,0
2.376,-1.0062,0
2.4541,-1.0618,0
2.5323,-1.1175,0
2.6105,-1.1731,0
2.6887,-1.2288,0
2.7668,-1.2844,0
2.845,-1.3401,0
2.9232,-1.3958,0
3.0014,-1.4514,0
3.0795,-1.5071,0
3.1577,-1.5628,0
3.2358,-1.6184,0
3.314,-1.6741,0
3.3922,-1.7298,0
3.4703,-1.7855,0
3.5485,-1.8412,0
3.6267,-1.8969,0
3.7048,-1.9527,0
3.783,-2.0084,0
3.8612,-2.0641,0
3.9393,-2.1199,0
4.0175,-2.1757,0
4.0957,-2.2314,0
4.1738,-2.2872,0
4.252,-2.3431,0
4.3302,-2.3989,0
4.4084,-2.4548,0
4.4867,-2.5107,0
4.5649,-2.5667,0
4.6432,-2.6227,0
4.7216,-2.6791,0
0.78908,0.11872,0
0.86422,0.057614,0
0.93939,-0.0034528,0
1.0146,-0.06452,0
1.0897,-0.12559,0
1.1649,-0.18665,0
1.24,-0.24772,0
1.3152,-0.30879,0
1.3903,-0.36986,0
1.4655,-0.43093,0
1.5406,-0.49199,0
1.6157,-0.55306,0
1.6909,-0.61413,0
1.766,-0.67521,0
1.8411,-0.73628,0
1.9163,-0.79735,0
1.9914,-0.85843,0
2.0665,-0.9195,0
2.1416,-0.98058,0
2.2167,-1.0417,0
2.2918,-1.1027,0
2.3669,-1.1638,0
2.4421,-1.2249,0
2.5172,-1.286,0
2.5923,-1.3471,0
2.6674,-1.4082,0
2.7425,-1.4693,0
2.8175,-1.5304,0
2.8926,-1.5915,0
2.9677,-1.6526,0
3.0428,-1.7137,0
3.1179,-1.7748,0
3.193,-1.836,0
3.2681,-1.8971,0
3.3432,-1.9582,0
3.4182,-2.0194,0
3.4933,-2.0805,0
3.5684,-2.1417,0
3.6435,-2.2029,0
3.7186,-2.264,0
3.7937,-2.3252,0
3.8688,-2.3865,0
3.9439,-2.4477,0
4.019,-2.5089,0
4.0941,-2.5702,0
4.1692,-2.6315,0
4.2443,-2.6928,0
4.3194,-2.7542,0
4.3946,-2.8156,0
4.4698,-2.8771,0
4.5451,-2.9389,0
0.76623,0.13103,0
0.83798,0.064704,0
0.90976,-0.0015764,0
0.98154,-0.067857,0
1.0533,-0.13414,0
1.1251,-0.20042,0
1.1968,-0.2667,0
1.2686,-0.33298,0
1.3404,-0.39926,0
1.4121,-0.46554,0
1.4839,-0.53182,0
1.5556,-0.5981,0
1.6274,-0.66438,0
1.6991,-0.73067,0
1.7708,-0.79695,0
1.8426,-0.86323,0
1.9143,-0.92952,0
1.986,-0.99581,0
2.0578,-1.0621,0
2.1295,-1.1284,0
2.2012,-1.1947,0
2.2729,-1.261,0
2.3447,-1.3273,0
2.4164,-1.3936,0
2.4881,-1.4599,0
2.5598,-1.5262,0
2.6315,-1.5925,0
2.7032,-1.6588,0
2.7749,-1.7251,0
2.8466,-1.7914,0
2.9183,-1.8577,0
2.99,-1.9241,0
3.0617,-1.9904,0
3.1334,-2.0567,0
3.2051,-2.1231,0
3.2768,-2.1894,0
3.3485,-2.2558,0
3.4202,-2.3222,0
3.4918,-2.3885,0
3.5635,-2.4549,0
3.6352,-2.5213,0
3.7069,-2.5878,0
3.7786,-2.6542,0
3.8503,-2.7206,0
3.922,-2.7871,0
3.9937,-2.8536,0
4.0654,-2.9201,0
4.1372,-2.9867,0
4.2089,-3.0533,0
4.2807,-3.1201,0
4.3526,-3.1871,0
0.74326,0.14326,0
0.81132,0.071981,0
0.87941,0.00073932,0
0.9475,-0.070502,0
1.0156,-0.14174,0
1.0837,-0.21298,0
1.1517,-0.28422,0
1.2198,-0.35546,0
1.2879,-0.42671,0
1.3559,-0.49795,0
1.424,-0.56919,0
1.4921,-0.64043,0
1.5601,-0.71167,0
1.6282,-0.78291,0
1.6962,-0.85415,0
1.7643,-0.92539,0
1.8323,-0.99664,0
1.9003,-1.0679,0
1.9684,-1.1391,0
2.0364,-1.2104,0
2.1044,-1.2816,0
2.1725,-1.3529,0
2.2405,-1.4241,0
2.3085,-1.4954,0
2.3765,-1.5666,0
2.4446,-1.6379,0
2.5126,-1.7092,0
2.5806,-1.7804,0
2.6486,-1.8517,0
2.7166,-1.923,0
2.7846,-1.9942,0
2.8526,-2.0655,0
2.9206,-2.1368,0
2.9886,-2.2081,0
3.0566,-2.2794,0
3.1246,-2.3507,0
3.1926,-2.422,0
3.2606,-2.4934,0
3.3286,-2.5647,0
3.3966,-2.636,0
3.4646,-2.7074,0
3.5326,-2.7788,0
3.6006,-2.8502,0
3.6686,-2.9216,0
3.7366,-2.993,0
3.8046,-3.0644,0
3.8726,-3.1359,0
3.9406,-3.2074,0
4.0086,-3.279,0
4.0767,-3.3507,0
4.1448,-3.4227,0
0.72021,0.15541,0
0.78429,0.079439,0
0.8484,0.0035073,0
0.91251,-0.072424,0
0.97662,-0.14835,0
1.0407,-0.22428,0
1.1048,-0.30021,0
1.1689,-0.37614,0
1.233,-0.45207,0
1.2971,-0.528,0
1.3612,-0.60393,0
1.4253,-0.67985,0
1.4893,-0.75578,0
1.5534,-0.83171,0
1.6175,-0.90764,0
1.6816,-0.98357,0
1.7456,-1.0595,0
1.8097,-1.1354,0
1.8738,-1.2114,0
1.9378,-1.2873,0
2.0019,-1.3632,0
2.0659,-1.4392,0
2.13,-1.5151,0
2.194,-1.591,0
2.2581,-1.667,0
2.3221,-1.7429,0
2.3861,-1.8189,0
2.4502,-1.8948,0
2.5142,-1.9708,0
2.5782,-2.0467,0
2.6423,-2.1227,0
2.7063,-2.1987,0
2.7703,-2.2746,0
2.8343,-2.3506,0
2.8983,-2.4266,0
2.9624,-2.5026,0
3.0264,-2.5786,0
3.0904,-2.6546,0
3.1544,-2.7306,0
3.2184,-2.8066,0
3.2824,-2.8827,0
3.3464,-2.9587,0
3.4104,-3.0348,0
3.4745,-3.1109,0
3.5385,-3.187,0
3.6025,-3.2631,0
3.6665,-3.3393,0
3.7305,-3.4155,0
3.7946,-3.4918,0
3.8586,-3.5681,0
3.9227,-3.6448,0
0.69711,0.16744,0
0.75695,0.087072,0
0.81682,0.0067407,0
0.87668,-0.07359,0
0.93654,-0.15392,0
0.9964,-0.23425,0
1.0563,-0.31458,0
1.1161,-0.3949,0
1.1759,-0.47523,0
1.2358,-0.55556,0
1.2956,-0.63588,0
1.3555,-0.71621,0
1.4153,-0.79653,0
1.4751,-0.87686,0
1.535,-0.95719,0
1.5948,-1.0375,0
1.6546,-1.1178,0
1.7144,-1.1982,0
1.7742,-1.2785,0
1.834,-1.3588,0
1.8939,-1.4392,0
1.9537,-1.5195,0
2.0135,-1.5998,0
2.0733,-1.6802,0
2.1331,-1.7605,0
2.1929,-1.8408,0
2.2526,-1.9212,0
2.3124,-2.0015,0
2.3722,-2.0819,0
2.432,-2.1622,0
2.4918,-2.2426,0
2.5516,-2.3229,0
2.6113,-2.4033,0
2.6711,-2.4837,0
2.7309,-2.564,0
2.7906,-2.6444,0
2.8504,-2.7248,0
2.9102,-2.8052,0
2.9699,-2.8856,0
3.0297,-2.966,0
3.0894,-3.0465,0
3.1492,-3.1269,0
3.209,-3.2074,0
3.2687,-3.2879,0
3.3285,-3.3684,0
3.3882,-3.4489,0
3.448,-3.5294,0
3.5077,-3.61,0
3.5675,-3.6907,0
3.6273,-3.7714,0
3.6871,-3.8526,0
0.67402,0.17934,0
0.72936,0.094877,0
0.78473,0.010452,0
0.84009,-0.073971,0
0.89546,-0.15839,0
0.95082,-0.24281,0
1.0062,-0.32723,0
1.0615,-0.41165,0
1.1169,-0.49607,0
1.1722,-0.58049,0
1.2276,-0.66491,0
1.2829,-0.74933,0
1.3382,-0.83374,0
1.3936,-0.91816,0
1.4489,-1.0026,0
1.5042,-1.087,0
1.5596,-1.1714,0
1.6149,-1.2558,0
1.6702,-1.3402,0
1.7255,-1.4247,0
1.7808,-1.5091,0
1.8361,-1.5935,0
1.8914,-1.6779,0
1.9467,-1.7623,0
2.002,-1.8468,0
2.0573,-1.9312,0
2.1126,-2.0156,0
2.1679,-2.1001,0
2.2232,-2.1845,0
2.2785,-2.2689,0
2.3337,-2.3534,0
2.389,-2.4378,0
2.4443,-2.5223,0
2.4996,-2.6067,0
2.5548,-2.6912,0
2.6101,-2.7757,0
2.6654,-2.8601,0
2.7206,-2.9446,0
2.7759,-3.0291,0
2.8311,-3.1136,0
2.8864,-3.1981,0
2.9417,-3.2827,0
2.9969,-3.3672,0
3.0522,-3.4518,0
3.1074,-3.5364,0
3.1626,-3.621,0
3.2179,-3.7056,0
3.2731,-3.7903,0
3.3284,-3.875,0
3.3836,-3.9599,0
3.4389,-4.0451,0
0.65097,0.19108,0
0.70157,0.10285,0
0.75221,0.014656,0
0.80285,-0.073539,0
0.85348,-0.16173,0
0.90411,-0.24992,0
0.95473,-0.33811,0
1.0054,-0.4263,0
1.056,-0.51449,0
1.1066,-0.60268,0
1.1572,-0.69087,0
1.2078,-0.77905,0
1.2584,-0.86724,0
1.309,-0.95542,0
1.3596,-1.0436,0
1.4102,-1.1318,0
1.4608,-1.22,0
1.5114,-1.3082,0
1.562,-1.3963,0
1.6126,-1.4845,0
1.6631,-1.5727,0
1.7137,-1.6609,0
1.7643,-1.7491,0
1.8149,-1.8373,0
1.8654,-1.9255,0
1.916,-2.0137,0
1.9666,-2.1019,0
2.0171,-2.1901,0
2.0677,-2.2783,0
2.1182,-2.3665,0
2.1688,-2.4547,0
2.2193,-2.5429,0
2.2699,-2.6311,0
2.3204,-2.7193,0
2.3709,-2.8075,0
2.4215,-2.8958,0
2.472,-2.984,0
2.5225,-3.0723,0
2.573,-3.1605,0
2.6236,-3.2488,0
2.6741,-3.3371,0
2.7246,-3.4254,0
2.7751,-3.5137,0
2.8256,-3.602,0
2.8761,-3.6903,0
2.9266,-3.7787,0
2.9771,-3.8671,0
3.0276,-3.9556,0
3.0781,-4.0441,0
3.1286,-4.1327,0
3.1791,-4.2216,0
0.628,0.20265,0
0.67366,0.11099,0
0.71935,0.019363,0
0.76504,-0.072266,0
0.81073,-0.16389,0
0.85641,-0.25552,0
0.9021,-0.34714,0
0.94777,-0.43877,0
0.99345,-0.53039,0
1.0391,-0.62201,0
1.0848,-0.71363,0
1.1305,-0.80525,0
1.1761,-0.89687,0
1.2218,-0.98848,0
1.2674,-1.0801,0
1.3131,-1.1717,0
1.3587,-1.2633,0
1.4044,-1.355,0
1.45,-1.4466,0
1.4957,-1.5382,0
1.5413,-1.6298,0
1.5869,-1.7214,0
1.6326,-1.813,0
1.6782,-1.9047,0
1.7238,-1.9963,0
1.7694,-2.0879,0
1.815,-2.1795,0
1.8607,-2.2712,0
1.9063,-2.3628,0
1.9519,-2.4544,0
1.9975,-2.5461,0
2.0431,-2.6377,0
2.0887,-2.7293,0
2.1343,-2.821,0
2.1799,-2.9126,0
2.2254,-3.0043,0
2.271,-3.096,0
2.3166,-3.1876,0
2.3622,-3.2793,0
2.4078,-3.371,0
2.4533,-3.4627,0
2.4989,-3.5544,0
2.5444,-3.6462,0
2.59,-3.7379,0
2.6356,-3.8297,0
2.6811,-3.9215,0
2.7267,-4.0133,0
2.7722,-4.1052,0
2.8177,-4.1971,0
2.8633,-4.2891,0
2.9088,-4.3815,0
0.60514,0.21405,0
0.64566,0.1193,0
0.68622,0.024588,0
0.72677,-0.070127,0
0.76732,-0.16484,0
0.80787,-0.25955,0
0.84842,-0.35426,0
0.88896,-0.44897,0
0.9295,-0.54367,0
0.97003,-0.63838,0
1.0106,-0.73308,0
1.0511,-0.82778,0
1.0916,-0.92249,0
1.1321,-1.0172,0
1.1727,-1.1119,0
1.2132,-1.2066,0
1.2537,-1.3013,0
1.2942,-1.396,0
1.3347,-1.4907,0
1.3752,-1.5854,0
1.4157,-1.6801,0
1.4562,-1.7748,0
1.4967,-1.8695,0
1.5372,-1.9642,0
1.5777,-2.0589,0
1.6182,-2.1536,0
1.6586,-2.2483,0
1.6991,-2.343,0
1.7396,-2.4377,0
1.7801,-2.5324,0
1.8205,-2.6271,0
1.861,-2.7219,0
1.9014,-2.8166,0
1.9419,-2.9113,0
1.9824,-3.006,0
2.0228,-3.1008,0
2.0632,-3.1955,0
2.1037,-3.2903,0
2.1441,-3.385,0
2.1845,-3.4798,0
2.225,-3.5746,0
2.2654,-3.6694,0
2.3058,-3.7642,0
2.3462,-3.859,0
2.3866,-3.9539,0
2.427,-4.0487,0
2.4674,-4.1436,0
2.5078,-4.2386,0
2.5482,-4.3336,0
2.5886,-4.4287,0
2.6289,-4.5241,0
0.58243,0.22525,0
0.61764,0.12778,0
0.65289,0.030341,0
0.68814,-0.067098,0
0.72338,-0.16453,0
0.75862,-0.26197,0
0.79386,-0.3594,0
0.82909,-0.45683,0
0.86432,-0.55426,0
0.89955,-0.65169,0
0.93478,-0.74912,0
0.97,-0.84654,0
1.0052,-0.94397,0
1.0404,-1.0414,0
1.0756,-1.1388,0
1.1109,-1.2362,0
1.1461,-1.3337,0
1.1813,-1.4311,0
1.2165,-1.5285,0
1.2517,-1.6259,0
1.2869,-1.7233,0
1.322,-1.8208,0
1.3572,-1.9182,0
1.3924,-2.0156,0
1.4276,-2.113,0
1.4628,-2.2104,0
1.4979,-2.3079,0
1.5331,-2.4053,0
1.5683,-2.5027,0
1.6034,-2.6002,0
1.6386,-2.6976,0
1.6737,-2.795,0
1.7089,-2.8925,0
1.744,-2.9899,0
1.7792,-3.0874,0
1.8143,-3.1848,0
1.8494,-3.2823,0
1.8846,-3.3797,0
1.9197,-3.4772,0
1.9548,-3.5747,0
1.9899,-3.6722,0
2.025,-3.7697,0
2.0601,-3.8672,0
2.0952,-3.9648,0
2.1303,-4.0623,0
2.1654,-4.1599,0
2.2005,-4.2575,0
2.2356,-4.3552,0
2.2706,-4.4529,0
2.3056,-4.5507,0
2.3406,-4.6489,0
0.55991,0.23624,0
0.58966,0.13643,0
0.61945,0.036634,0
0.64924,-0.063158,0
0.67903,-0.16295,0
0.70881,-0.26274,0
0.73859,-0.36252,0
0.76837,-0.46231,0
0.79814,-0.56209,0
0.82791,-0.66187,0
0.85768,-0.76165,0
0.88745,-0.86143,0
0.91721,-0.9612,0
0.94697,-1.061,0
0.97672,-1.1608,0
1.0065,-1.2605,0
1.0362,-1.3603,0
1.066,-1.4601,0
1.0957,-1.5598,0
1.1255,-1.6596,0
1.1552,-1.7594,0
1.1849,-1.8591,0
1.2147,-1.9589,0
1.2444,-2.0587,0
1.2741,-2.1585,0
1.3038,-2.2582,0
1.3335,-2.358,0
1.3632,-2.4578,0
1.393,-2.5576,0
1.4227,-2.6573,0
1.4524,-2.7571,0
1.4821,-2.8569,0
1.5117,-2.9567,0
1.5414,-3.0565,0
1.5711,-3.1563,0
1.6008,-3.2561,0
1.6305,-3.3559,0
1.6601,-3.4557,0
1.6898,-3.5555,0
1.7195,-3.6554,0
1.7491,-3.7552,0
1.7788,-3.8551,0
1.8084,-3.9549,0
1.838,-4.0548,0
1.8677,-4.1547,0
1.8973,-4.2546,0
1.9269,-4.3546,0
1.9565,-4.4546,0
1.9861,-4.5547,0
2.0156,-4.6548,0
2.0451,-4.7553,0
0.53761,0.24703,0
0.56177,0.14525,0
0.58598,0.043478,0
0.61018,-0.058288,0
0.63438,-0.16005,0
0.65858,-0.26182,0
0.68278,-0.36358,0
0.70697,-0.46533,0
0.73116,-0.56709,0
0.75535,-0.66884,0
0.77954,-0.77059,0
0.80372,-0.87235,0
0.8279,-0.97409,0
0.85207,-1.0758,0
0.87624,-1.1776,0
0.90041,-1.2793,0
0.92458,-1.3811,0
0.94874,-1.4828,0
0.9729,-1.5846,0
0.99706,-1.6863,0
1.0212,-1.788,0
1.0454,-1.8898,0
1.0695,-1.9915,0
1.0937,-2.0933,0
1.1178,-2.195,0
1.1419,-2.2967,0
1.1661,-2.3985,0
1.1902,-2.5002,0
1.2143,-2.602,0
1.2384,-2.7037,0
1.2626,-2.8055,0
1.2867,-2.9072,0
1.3108,-3.009,0
1.3349,-3.1107,0
1.359,-3.2125,0
1.3831,-3.3143,0
1.4072,-3.4161,0
1.4312,-3.5178,0
1.4553,-3.6196,0
1.4794,-3.7214,0
1.5035,-3.8232,0
1.5275,-3.925,0
1.5516,-4.0269,0
1.5756,-4.1287,0
1.5996,-4.2306,0
1.6237,-4.3325,0
1.6477,-4.4344,0
1.6717,-4.5364,0
1.6957,-4.6384,0
1.7196,-4.7405,0
1.7434,-4.8429,0
0.51555,0.25761,0
0.53403,0.15424,0
0.55255,0.050883,0
0.57106,-0.052472,0
0.58958,-0.15582,0
0.60809,-0.25917,0
0.6266,-0.36252,0
0.6451,-0.46587,0
0.66361,-0.56921,0
0.68211,-0.67255,0
0.70061,-0.77589,0
0.7191,-0.87923,0
0.73759,-0.98256,0
0.75608,-1.0859,0
0.77457,-1.1892,0
0.79305,-1.2926,0
0.81153,-1.3959,0
0.83001,-1.4992,0
0.84848,-1.6025,0
0.86695,-1.7059,0
0.88542,-1.8092,0
0.90388,-1.9125,0
0.92234,-2.0158,0
0.9408,-2.1192,0
0.95926,-2.2225,0
0.97771,-2.3258,0
0.99615,-2.4291,0
1.0146,-2.5325,0
1.033,-2.6358,0
1.0515,-2.7391,0
1.0699,-2.8425,0
1.0883,-2.9458,0
1.1067,-3.0491,0
1.1252,-3.1525,0
1.1436,-3.2558,0
1.162,-3.3592,0
1.1804,-3.4625,0
1.1988,-3.5659,0
1.2172,-3.6692,0
1.2355,-3.7726,0
1.2539,-3.876,0
1.2723,-3.9794,0
1.2906,-4.0828,0
1.309,-4.1862,0
1.3273,-4.2897,0
1.3457,-4.3932,0
1.364,-4.4966,0
1.3823,-4.6002,0
1.4005,-4.7038,0
1.4188,-4.8074,0
1.4369,-4.9114,0
0.49377,0.26797,0
0.50648,0.16341,0
0.51923,0.058856,0
0.53198,-0.045695,0
0.54473,-0.15024,0
0.55747,-0.25479,0
0.57022,-0.35933,0
0.58295,-0.46387,0
0.59569,-0.56841,0
0.60842,-0.67295,0
0.62116,-0.77748,0
0.63389,-0.88201,0
0.64661,-0.98654,0
0.65933,-1.0911,0
0.67205,-1.1956,0
0.68477,-1.3001,0
0.69749,-1.4046,0
0.7102,-1.5092,0
0.72291,-1.6137,0
0.73561,-1.7182,0
0.74831,-1.8227,0
0.76101,-1.9272,0
0.7737,-2.0318,0
0.7864,-2.1363,0
0.79908,-2.2408,0
0.81177,-2.3453,0
0.82445,-2.4498,0
0.83712,-2.5543,0
0.8498,-2.6589,0
0.86246,-2.7634,0
0.87513,-2.8679,0
0.88779,-2.9724,0
0.90044,-3.077,0
0.91309,-3.1815,0
0.92573,-3.286,0
0.93837,-3.3906,0
0.95101,-3.4951,0
0.96363,-3.5997,0
0.97625,-3.7042,0
0.98886,-3.8088,0
1.0015,-3.9133,0
1.0141,-4.0179,0
1.0267,-4.1225,0
1.0392,-4.2271,0
1.0518,-4.3318,0
1.0644,-4.4364,0
1.0769,-4.5411,0
1.0894,-4.6458,0
1.1019,-4.7506,0
1.1144,-4.8554,0
1.1267,-4.9606,0
0.47231,0.27812,0
0.47919,0.17276,0
0.48612,0.067399,0
0.49305,-0.037954,0
0.49998,-0.1433,0
0.5069,-0.24865,0
0.51383,-0.354,0
0.52074,-0.45934,0
0.52766,-0.56468,0
0.53457,-0.67002,0
0.54148,-0.77535,0
0.54839,-0.88068,0
0.5553,-0.98601,0
0.5622,-1.0913,0
0.5691,-1.1967,0
0.57599,-1.302,0
0.58289,-1.4073,0
0.58978,-1.5126,0
0.59667,-1.6179,0
0.60355,-1.7233,0
0.61043,-1.8286,0
0.61731,-1.9339,0
0.62418,-2.0392,0
0.63105,-2.1445,0
0.63792,-2.2498,0
0.64478,-2.3551,0
0.65164,-2.4605,0
0.65849,-2.5658,0
0.66534,-2.6711,0
0.67218,-2.7764,0
0.67903,-2.8817,0
0.68586,-2.987,0
0.69269,-3.0924,0
0.69952,-3.1977,0
0.70634,-3.303,0
0.71315,-3.4083,0
0.71996,-3.5137,0
0.72676,-3.619,0
0.73356,-3.7244,0
0.74034,-3.8297,0
0.74712,-3.9351,0
0.75389,-4.0404,0
0.76065,-4.1458,0
0.7674,-4.2512,0
0.77414,-4.3566,0
0.78086,-4.4621,0
0.78756,-4.5675,0
0.79424,-4.673,0
0.8009,-4.7786,0
0.80751,-4.8842,0
0.81395,-4.9901,0
0.45164,0.28771,0
0.45266,0.18196,0
0.45372,0.076205,0
0.45478,-0.029544,0
0.45584,-0.13529,0
0.4569,-0.24103,0
0.45795,-0.34677,0
0.45901,-0.45251,0
0.46006,-0.55824,0
0.46111,-0.66397,0
0.46215,-0.7697,0
0.4632,-0.87543,0
0.46424,-0.98115,0
0.46527,-1.0869,0
0.46631,-1.1926,0
0.46734,-1.2983,0
0.46837,-1.404,0
0.4694,-1.5097,0
0.47042,-1.6154,0
0.47144,-1.7212,0
0.47246,-1.8269,0
0.47348,-1.9326,0
0.47449,-2.0383,0
0.47549,-2.144,0
0.4765,-2.2497,0
0.4775,-2.3554,0
0.47849,-2.4611,0
0.47949,-2.5668,0
0.48047,-2.6725,0
0.48146,-2.7782,0
0.48244,-2.8839,0
0.48341,-2.9896,0
0.48438,-3.0953,0
0.48534,-3.201,0
0.4863,-3.3068,0
0.48725,-3.4125,0
0.4882,-3.5182,0
0.48913,-3.6239,0
0.49006,-3.7297,0
0.49099,-3.8354,0
0.4919,-3.9412,0
0.49281,-4.0469,0
0.4937,-4.1527,0
0.49458,-4.2585,0
0.49545,-4.3643,0
0.4963,-4.4701,0
0.49714,-4.5759,0
0.49795,-4.6818,0
0.49873,-4.7877,0
0.49946,-4.8937,0
0.5,-5,0
0.43146,0.29682,0
0.4266,0.19107,0
0.42179,0.085331,0
0.41698,-0.020409,0
0.41216,-0.12614,0
0.40735,-0.23188,0
0.40253,-0.33761,0
0.39771,-0.44334,0
0.39288,-0.54906,0
0.38806,-0.65478,0
0.38323,-0.7605,0
0.3784,-0.86621,0
0.37356,-0.97193,0
0.36873,-1.0776,0
0.36389,-1.1833,0
0.35905,-1.2891,0
0.35421,-1.3948,0
0.34936,-1.5005,0
0.34451,-1.6062,0
0.33966,-1.7119,0
0.33481,-1.8176,0
0.32995,-1.9232,0
0.32509,-2.0289,0
0.32022,-2.1346,0
0.31535,-2.2403,0
0.31048,-2.346,0
0.3056,-2.4517,0
0.30072,-2.5574,0
0.29584,-2.6631,0
0.29095,-2.7688,0
0.28605,-2.8745,0
0.28115,-2.9802,0
0.27625,-3.0859,0
0.27134,-3.1916,0
0.26643,-3.2973,0
0.2615,-3.403,0
0.25657,-3.5087,0
0.25164,-3.6144,0
0.2467,-3.7201,0
0.24174,-3.8258,0
0.23678,-3.9315,0
0.23181,-4.0373,0
0.22683,-4.143,0
0.22184,-4.2488,0
0.21683,-4.3546,0
0.2118,-4.4604,0
0.20675,-4.5662,0
0.20168,-4.672,0
0.19657,-4.7779,0
0.19141,-4.8839,0
0.18605,-4.9901,0
0.41179,0.30546,0
0.40107,0.20013,0
0.3904,0.094797,0
0.37972,-0.01053,0
0.36905,-0.11585,0
0.35837,-0.22117,0
0.34769,-0.32649,0
0.33701,-0.43181,0
0.32633,-0.53712,0
0.31564,-0.64243,0
0.30495,-0.74773,0
0.29426,-0.85303,0
0.28357,-0.95833,0
0.27288,-1.0636,0
0.26218,-1.1689,0
0.25148,-1.2742,0
0.24078,-1.3795,0
0.23007,-1.4848,0
0.21937,-1.5901,0
0.20866,-1.6954,0
0.19794,-1.8006,0
0.18723,-1.9059,0
0.17651,-2.0112,0
0.16578,-2.1165,0
0.15506,-2.2218,0
0.14433,-2.327,0
0.13359,-2.4323,0
0.12285,-2.5376,0
0.11211,-2.6429,0
0.10136,-2.7481,0
0.090611,-2.8534,0
0.079854,-2.9587,0
0.069092,-3.064,0
0.058324,-3.1692,0
0.04755,-3.2745,0
0.036769,-3.3798,0
0.025982,-3.4851,0
0.015187,-3.5904,0
0.0043847,-3.6957,0
-0.0064268,-3.801,0
-0.017248,-3.9063,0
-0.02808,-4.0116,0
-0.038923,-4.1169,0
-0.04978,-4.2223,0
-0.060653,-4.3276,0
-0.071544,-4.433,0
-0.082457,-4.5384,0
-0.093397,-4.6438,0
-0.10437,-4.7492,0
-0.11541,-4.8548,0
-0.12667,-4.9606,0
0.39263,0.31365,0
0.37609,0.20914,0
0.3596,0.10462,0
0.3431,0.00010556,0
0.3266,-0.10441,0
0.3101,-0.20891,0
0.2936,-0.31342,0
0.2771,-0.41792,0
0.2606,-0.52242,0
0.24409,-0.62691,0
0.22758,-0.7314,0
0.21107,-0.83589,0
0.19456,-0.94038,0
0.17804,-1.0449,0
0.16153,-1.1493,0
0.14501,-1.2538,0
0.12849,-1.3583,0
0.11196,-1.4628,0
0.095435,-1.5672,0
0.078905,-1.6717,0
0.062373,-1.7762,0
0.045837,-1.8806,0
0.029298,-1.9851,0
0.012756,-2.0896,0
-0.0037899,-2.194,0
-0.020339,-2.2985,0
-0.036893,-2.4029,0
-0.05345,-2.5074,0
-0.070011,-2.6119,0
-0.086578,-2.7163,0
-0.10315,-2.8208,0
-0.11972,-2.9252,0
-0.13631,-3.0297,0
-0.15289,-3.1341,0
-0.16949,-3.2386,0
-0.18609,-3.3431,0
-0.20269,-3.4475,0
-0.21931,-3.552,0
-0.23593,-3.6565,0
-0.25256,-3.761,0
-0.2692,-3.8654,0
-0.28586,-3.9699,0
-0.30252,-4.0744,0
-0.3192,-4.179,0
-0.3359,-4.2835,0
-0.35261,-4.388,0
-0.36935,-4.4926,0
-0.38612,-4.5972,0
-0.40293,-4.7018,0
-0.4198,-4.8065,0
-0.43691,-4.9114,0
0.37401,0.32143,0
0.35171,0.21813,0
0.32945,0.11482,0
0.3072,0.011511,0
0.28494,-0.091791,0
0.26268,-0.19509,0
0.24042,-0.29838,0
0.21816,-0.40168,0
0.1959,-0.50496,0
0.17364,-0.60825,0
0.15137,-0.71153,0
0.1291,-0.81481,0
0.10683,-0.91809,0
0.084562,-1.0214,0
0.062288,-1.1246,0
0.040012,-1.2279,0
0.017733,-1.3312,0
-0.0045476,-1.4344,0
-0.026831,-1.5377,0
-0.049117,-1.6409,0
-0.071406,-1.7442,0
-0.093698,-1.8475,0
-0.11599,-1.9507,0
-0.13829,-2.054,0
-0.16059,-2.1572,0
-0.1829,-2.2605,0
-0.20521,-2.3637,0
-0.22752,-2.4669,0
-0.24984,-2.5702,0
-0.27216,-2.6734,0
-0.29448,-2.7767,0
-0.31682,-2.8799,0
-0.33915,-2.9832,0
-0.3615,-3.0864,0
-0.38385,-3.1897,0
-0.4062,-3.2929,0
-0.42856,-3.3962,0
-0.45094,-3.4994,0
-0.47331,-3.6027,0
-0.4957,-3.7059,0
-0.5181,-3.8092,0
-0.54051,-3.9125,0
-0.56294,-4.0157,0
-0.58538,-4.119,0
-0.60783,-4.2223,0
-0.63031,-4.3257,0
-0.65281,-4.429,0
-0.67534,-4.5324,0
-0.69792,-4.6358,0
-0.72055,-4.7392,0
-0.74345,-4.8429,0
0.35592,0.32881,0
0.32795,0.22711,0
0.30003,0.1254,0
0.2721,0.023693,0
0.24417,-0.07801,0
0.21624,-0.17971,0
0.18831,-0.2814,0
0.16038,-0.3831,0
0.13244,-0.48479,0
0.10451,-0.58647,0
0.076573,-0.68815,0
0.048634,-0.78983,0
0.020694,-0.89151,0
-0.0072476,-0.99318,0
-0.035192,-1.0949,0
-0.063137,-1.1965,0
-0.091086,-1.2982,0
-0.11904,-1.3998,0
-0.14699,-1.5015,0
-0.17494,-1.6032,0
-0.2029,-1.7048,0
-0.23086,-1.8065,0
-0.25883,-1.9081,0
-0.28679,-2.0098,0
-0.31476,-2.1114,0
-0.34274,-2.2131,0
-0.37072,-2.3147,0
-0.3987,-2.4163,0
-0.42668,-2.518,0
-0.45467,-2.6196,0
-0.48267,-2.7213,0
-0.51067,-2.8229,0
-0.53867,-2.9246,0
-0.56668,-3.0262,0
-0.5947,-3.1278,0
-0.62273,-3.2295,0
-0.65076,-3.3311,0
-0.6788,-3.4328,0
-0.70685,-3.5344,0
-0.73491,-3.6361,0
-0.76298,-3.7377,0
-0.79106,-3.8394,0
-0.81915,-3.9411,0
-0.84726,-4.0427,0
-0.87539,-4.1444,0
-0.90354,-4.2461,0
-0.93171,-4.3479,0
-0.95992,-4.4496,0
-0.98817,-4.5514,0
-1.0165,-4.6532,0
-1.0451,-4.7553,0
0.33839,0.33582,0
0.30486,0.23611,0
0.27137,0.13638,0
0.23789,0.036657,0
0.2044,-0.063064,0
0.17091,-0.16278,0
0.13741,-0.26249,0
0.10392,-0.3622,0
0.070427,-0.46191,0
0.036932,-0.56161,0
0.0034348,-0.66131,0
-0.030064,-0.76101,0
-0.063563,-0.8607,0
-0.097065,-0.9604,0
-0.13057,-1.0601,0
-0.16407,-1.1598,0
-0.19758,-1.2594,0
-0.23109,-1.3591,0
-0.2646,-1.4588,0
-0.29812,-1.5585,0
-0.33163,-1.6581,0
-0.36515,-1.7578,0
-0.39867,-1.8575,0
-0.4322,-1.9571,0
-0.46573,-2.0568,0
-0.49926,-2.1565,0
-0.53279,-2.2561,0
-0.56633,-2.3558,0
-0.59988,-2.4554,0
-0.63343,-2.5551,0
-0.66698,-2.6548,0
-0.70054,-2.7544,0
-0.7341,-2.8541,0
-0.76767,-2.9537,0
-0.80124,-3.0534,0
-0.83483,-3.153,0
-0.86842,-3.2527,0
-0.90201,-3.3523,0
-0.93562,-3.452,0
-0.96924,-3.5517,0
-1.0029,-3.6513,0
-1.0365,-3.751,0
-1.0702,-3.8507,0
-1.1038,-3.9504,0
-1.1375,-4.0501,0
-1.1712,-4.1498,0
-1.205,-4.2495,0
-1.2387,-4.3492,0
-1.2726,-4.449,0
-1.3064,-4.5488,0
-1.3406,-4.6489,0
0.32143,0.3425,0
0.28248,0.24514,0
0.24356,0.14777,0
0.20464,0.050403,0
0.16572,-0.046962,0
0.12681,-0.14432,0
0.087887,-0.24168,0
0.048967,-0.33903,0
0.010046,-0.43639,0
-0.028876,-0.53373,0
-0.067799,-0.63108,0
-0.10672,-0.72842,0
-0.14565,-0.82575,0
-0.18458,-0.92309,0
-0.22351,-1.0204,0
-0.26244,-1.1177,0
-0.30137,-1.2151,0
-0.34031,-1.3124,0
-0.37924,-1.4097,0
-0.41818,-1.507,0
-0.45712,-1.6043,0
-0.49607,-1.7017,0
-0.53501,-1.799,0
-0.57396,-1.8963,0
-0.61292,-1.9936,0
-0.65187,-2.0909,0
-0.69083,-2.1882,0
-0.72979,-2.2855,0
-0.76876,-2.3828,0
-0.80773,-2.4801,0
-0.84671,-2.5774,0
-0.88569,-2.6747,0
-0.92468,-2.772,0
-0.96367,-2.8692,0
-1.0027,-2.9665,0
-1.0417,-3.0638,0
-1.0807,-3.1611,0
-1.1197,-3.2584,0
-1.1587,-3.3557,0
-1.1978,-3.453,0
-1.2368,-3.5503,0
-1.2759,-3.6476,0
-1.315,-3.7449,0
-1.3541,-3.8423,0
-1.3932,-3.9396,0
-1.4323,-4.0369,0
-1.4715,-4.1343,0
-1.5107,-4.2317,0
-1.55,-4.3291,0
-1.5893,-4.4265,0
-1.6289,-4.5241,0
0.30506,0.34886,0
0.26082,0.25423,0
0.21664,0.15958,0
0.17245,0.064929,0
0.12826,-0.029717,0
0.084069,-0.12436,0
0.039878,-0.219,0
-0.0043129,-0.31363,0
-0.048505,-0.40826,0
-0.092698,-0.50289,0
-0.13689,-0.59752,0
-0.18109,-0.69214,0
-0.22528,-0.78675,0
-0.26948,-0.88137,0
-0.31368,-0.97598,0
-0.35788,-1.0706,0
-0.40208,-1.1652,0
-0.44629,-1.2598,0
-0.49049,-1.3544,0
-0.5347,-1.449,0
-0.57891,-1.5436,0
-0.62312,-1.6382,0
-0.66734,-1.7328,0
-0.71156,-1.8273,0
-0.75578,-1.9219,0
-0.8,-2.0165,0
-0.84423,-2.1111,0
-0.88846,-2.2057,0
-0.93269,-2.3002,0
-0.97693,-2.3948,0
-1.0212,-2.4894,0
-1.0654,-2.584,0
-1.1097,-2.6785,0
-1.1539,-2.7731,0
-1.1982,-2.8677,0
-1.2425,-2.9622,0
-1.2868,-3.0568,0
-1.3311,-3.1514,0
-1.3754,-3.246,0
-1.4197,-3.3405,0
-1.464,-3.4351,0
-1.5083,-3.5297,0
-1.5527,-3.6243,0
-1.597,-3.7189,0
-1.6414,-3.8135,0
-1.6858,-3.9081,0
-1.7303,-4.0027,0
-1.7747,-4.0973,0
-1.8193,-4.192,0
-1.8639,-4.2867,0
-1.9088,-4.3815,0
0.28927,0.35495,0
0.23995,0.26339,0
0.19066,0.1718,0
0.14138,0.080225,0
0.092099,-0.011349,0
0.042815,-0.10292,0
-0.0064687,-0.19449,0
-0.055753,-0.28605,0
-0.10504,-0.37761,0
-0.15432,-0.46917,0
-0.20361,-0.56072,0
-0.2529,-0.65227,0
-0.30219,-0.74382,0
-0.35148,-0.83536,0
-0.40077,-0.9269,0
-0.45006,-1.0184,0
-0.49935,-1.11,0
-0.54865,-1.2015,0
-0.59794,-1.293,0
-0.64724,-1.3846,0
-0.69654,-1.4761,0
-0.74585,-1.5676,0
-0.79515,-1.6591,0
-0.84446,-1.7506,0
-0.89377,-1.8421,0
-0.94309,-1.9336,0
-0.9924,-2.0251,0
-1.0417,-2.1167,0
-1.091,-2.2082,0
-1.1404,-2.2997,0
-1.1897,-2.3912,0
-1.2391,-2.4826,0
-1.2884,-2.5741,0
-1.3377,-2.6656,0
-1.3871,-2.7571,0
-1.4365,-2.8486,0
-1.4858,-2.9401,0
-1.5352,-3.0316,0
-1.5846,-3.1231,0
-1.634,-3.2146,0
-1.6834,-3.3061,0
-1.7328,-3.3976,0
-1.7823,-3.4891,0
-1.8317,-3.5806,0
-1.8812,-3.6721,0
-1.9307,-3.7636,0
-1.9802,-3.8552,0
-2.0298,-3.9467,0
-2.0794,-4.0383,0
-2.1291,-4.1299,0
-2.1791,-4.2216,0
0.2741,0.36077,0
0.21988,0.27262,0
0.1657,0.18445,0
0.11152,0.096282,0
0.057344,0.0081166,0
0.0031658,-0.080045,0
-0.051013,-0.1682,0
-0.10519,-0.25636,0
-0.15937,-0.34451,0
-0.21355,-0.43266,0
-0.26773,-0.5208,0
-0.32191,-0.60894,0
-0.37609,-0.69708,0
-0.43028,-0.78521,0
-0.48446,-0.87334,0
-0.53864,-0.96147,0
-0.59283,-1.0496,0
-0.64702,-1.1377,0
-0.70121,-1.2258,0
-0.7554,-1.3139,0
-0.80959,-1.4021,0
-0.86378,-1.4902,0
-0.91798,-1.5783,0
-0.97218,-1.6664,0
-1.0264,-1.7545,0
-1.0806,-1.8426,0
-1.1348,-1.9307,0
-1.189,-2.0188,0
-1.2432,-2.1068,0
-1.2974,-2.1949,0
-1.3517,-2.283,0
-1.4059,-2.3711,0
-1.4601,-2.4592,0
-1.5144,-2.5473,0
-1.5686,-2.6353,0
-1.6229,-2.7234,0
-1.6771,-2.8115,0
-1.7314,-2.8996,0
-1.7857,-2.9877,0
-1.84,-3.0757,0
-1.8943,-3.1638,0
-1.9486,-3.2519,0
-2.0029,-3.34,0
-2.0573,-3.4281,0
-2.1116,-3.5162,0
-2.166,-3.6043,0
-2.2204,-3.6924,0
-2.2749,-3.7805,0
-2.3294,-3.8686,0
-2.384,-3.9568,0
-2.4389,-4.0451,0
0.25954,0.36637,0
0.20065,0.28196,0
0.1418,0.19752,0
0.082945,0.11308,0
0.024091,0.02865,0
-0.034763,-0.055778,0
-0.093616,-0.1402,0
-0.15247,-0.22462,0
-0.21132,-0.30904,0
-0.27018,-0.39345,0
-0.32903,-0.47787,0
-0.38789,-0.56227,0
-0.44674,-0.64668,0
-0.5056,-0.73107,0
-0.56446,-0.81547,0
-0.62332,-0.89986,0
-0.68217,-0.98425,0
-0.74103,-1.0686,0
-0.7999,-1.153,0
-0.85876,-1.2374,0
-0.91763,-1.3218,0
-0.97649,-1.4062,0
-1.0354,-1.4905,0
-1.0942,-1.5749,0
-1.1531,-1.6593,0
-1.212,-1.7436,0
-1.2709,-1.828,0
-1.3297,-1.9123,0
-1.3886,-1.9967,0
-1.4475,-2.081,0
-1.5064,-2.1654,0
-1.5653,-2.2497,0
-1.6242,-2.3341,0
-1.6831,-2.4184,0
-1.7421,-2.5028,0
-1.801,-2.5871,0
-1.8599,-2.6715,0
-1.9188,-2.7558,0
-1.9778,-2.8401,0
-2.0368,-2.9245,0
-2.0957,-3.0088,0
-2.1547,-3.0932,0
-2.2137,-3.1775,0
-2.2727,-3.2618,0
-2.3318,-3.3462,0
-2.3908,-3.4305,0
-2.4499,-3.5149,0
-2.5091,-3.5993,0
-2.5682,-3.6836,0
-2.6275,-3.7681,0
-2.6871,-3.8526,0
0.24564,0.37176,0
0.18231,0.2914,0
0.11902,0.211,0
0.055726,0.1306,0
-0.0075655,0.050214,0
-0.070856,-0.030173,0
-0.13415,-0.11056,0
-0.19744,-0.19093,0
-0.26073,-0.27131,0
-0.32402,-0.35168,0
-0.38731,-0.43205,0
-0.4506,-0.51242,0
-0.51389,-0.59278,0
-0.57718,-0.67313,0
-0.64048,-0.75349,0
-0.70377,-0.83384,0
-0.76706,-0.91419,0
-0.83036,-0.99453,0
-0.89365,-1.0749,0
-0.95695,-1.1552,0
-1.0203,-1.2355,0
-1.0836,-1.3159,0
-1.1469,-1.3962,0
-1.2102,-1.4765,0
-1.2735,-1.5569,0
-1.3368,-1.6372,0
-1.4001,-1.7175,0
-1.4634,-1.7978,0
-1.5267,-1.8781,0
-1.59,-1.9584,0
-1.6534,-2.0387,0
-1.7167,-2.119,0
-1.78,-2.1993,0
-1.8434,-2.2796,0
-1.9067,-2.3599,0
-1.9701,-2.4402,0
-2.0335,-2.5205,0
-2.0968,-2.6008,0
-2.1602,-2.6811,0
-2.2236,-2.7614,0
-2.287,-2.8417,0
-2.3504,-2.922,0
-2.4139,-3.0023,0
-2.4773,-3.0826,0
-2.5408,-3.1629,0
-2.6043,-3.2432,0
-2.6678,-3.3235,0
-2.7314,-3.4038,0
-2.795,-3.4841,0
-2.8587,-3.5644,0
-2.9227,-3.6448,0
0.23239,0.37698,0
0.16488,0.30095,0
0.09741,0.22488,0
0.029937,0.14882,0
-0.037534,0.072767,0
-0.10501,-0.0032865,0
-0.17248,-0.079336,0
-0.23995,-0.15538,0
-0.30742,-0.23142,0
-0.37489,-0.30746,0
-0.44236,-0.3835,0
-0.50983,-0.45953,0
-0.5773,-0.53556,0
-0.64477,-0.61158,0
-0.71224,-0.6876,0
-0.77971,-0.76362,0
-0.84718,-0.83964,0
-0.91466,-0.91565,0
-0.98213,-0.99166,0
-1.0496,-1.0677,0
-1.1171,-1.1437,0
-1.1846,-1.2197,0
-1.252,-1.2957,0
-1.3195,-1.3716,0
-1.387,-1.4476,0
-1.4545,-1.5236,0
-1.522,-1.5996,0
-1.5895,-1.6756,0
-1.657,-1.7516,0
-1.7245,-1.8275,0
-1.792,-1.9035,0
-1.8595,-1.9795,0
-1.927,-2.0554,0
-1.9945,-2.1314,0
-2.062,-2.2074,0
-2.1296,-2.2833,0
-2.1971,-2.3593,0
-2.2647,-2.4352,0
-2.3322,-2.5112,0
-2.3998,-2.5871,0
-2.4674,-2.6631,0
-2.5349,-2.739,0
-2.6025,-2.815,0
-2.6702,-2.8909,0
-2.7378,-2.9669,0
-2.8055,-3.0428,0
-2.8732,-3.1188,0
-2.9409,-3.1948,0
-3.0087,-3.2707,0
-3.0766,-3.3467,0
-3.1448,-3.4227,0
0.21982,0.38204,0
0.14841,0.31062,0
0.077031,0.23916,0
0.0056518,0.16771,0
-0.065727,0.09626,0
-0.1371,0.024814,0
-0.20848,-0.046629,0
-0.27986,-0.11807,0
-0.35124,-0.1895,0
-0.42261,-0.26094,0
-0.49399,-0.33237,0
-0.56536,-0.40379,0
-0.63674,-0.47521,0
-0.70811,-0.54663,0
-0.77949,-0.61805,0
-0.85087,-0.68946,0
-0.92224,-0.76087,0
-0.99362,-0.83227,0
-1.065,-0.90367,0
-1.1364,-0.97507,0
-1.2078,-1.0465,0
-1.2791,-1.1179,0
-1.3505,-1.1892,0
-1.4219,-1.2606,0
-1.4933,-1.332,0
-1.5647,-1.4034,0
-1.6361,-1.4748,0
-1.7075,-1.5461,0
-1.7789,-1.6175,0
-1.8503,-1.6889,0
-1.9217,-1.7602,0
-1.9931,-1.8316,0
-2.0645,-1.903,0
-2.1359,-1.9743,0
-2.2073,-2.0457,0
-2.2788,-2.117,0
-2.3502,-2.1884,0
-2.4217,-2.2597,0
-2.4931,-2.331,0
-2.5646,-2.4024,0
-2.6361,-2.4737,0
-2.7076,-2.5451,0
-2.7791,-2.6164,0
-2.8506,-2.6877,0
-2.9221,-2.7591,0
-2.9937,-2.8304,0
-3.0653,-2.9017,0
-3.1369,-2.9731,0
-3.2086,-3.0444,0
-3.2804,-3.1157,0
-3.3526,-3.1871,0
0.20796,0.38698,0
0.13293,0.32042,0
0.057935,0.25382,0
-0.017062,0.18723,0
-0.092057,0.12064,0
-0.16705,0.054056,0
-0.24205,-0.012525,0
-0.31704,-0.079104,0
-0.39203,-0.14568,0
-0.46702,-0.21225,0
-0.54202,-0.27882,0
-0.61701,-0.34538,0
-0.692,-0.41194,0
-0.76699,-0.4785,0
-0.84198,-0.54506,0
-0.91697,-0.61161,0
-0.99196,-0.67815,0
-1.067,-0.7447,0
-1.1419,-0.81124,0
-1.2169,-0.87777,0
-1.2919,-0.94431,0
-1.3669,-1.0108,0
-1.4419,-1.0774,0
-1.5169,-1.1439,0
-1.5919,-1.2104,0
-1.6669,-1.2769,0
-1.7419,-1.3434,0
-1.8169,-1.41,0
-1.8919,-1.4765,0
-1.967,-1.543,0
-2.042,-1.6095,0
-2.117,-1.676,0
-2.192,-1.7425,0
-2.2671,-1.8089,0
-2.3421,-1.8754,0
-2.4171,-1.9419,0
-2.4922,-2.0084,0
-2.5672,-2.0749,0
-2.6423,-2.1414,0
-2.7174,-2.2078,0
-2.7925,-2.2743,0
-2.8676,-2.3408,0
-2.9427,-2.4072,0
-3.0178,-2.4737,0
-3.093,-2.5402,0
-3.1682,-2.6066,0
-3.2434,-2.6731,0
-3.3186,-2.7395,0
-3.3939,-2.806,0
-3.4693,-2.8724,0
-3.5451,-2.9389,0
0.19682,0.3918,0
0.11849,0.33034,0
0.040175,0.26884,0
-0.038135,0.20735,0
-0.11644,0.14585,0
-0.19475,0.084363,0
-0.27306,0.022876,0
-0.35136,-0.038607,0
-0.42967,-0.10009,0
-0.50797,-0.16156,0
-0.58627,-0.22304,0
-0.66457,-0.2845,0
-0.74288,-0.34597,0
-0.82118,-0.40743,0
-0.89948,-0.46889,0
-0.97778,-0.53035,0
-1.0561,-0.5918,0
-1.1344,-0.65325,0
-1.2127,-0.71469,0
-1.291,-0.77614,0
-1.3693,-0.83757,0
-1.4476,-0.89901,0
-1.5259,-0.96044,0
-1.6042,-1.0219,0
-1.6825,-1.0833,0
-1.7608,-1.1447,0
-1.8391,-1.2061,0
-1.9175,-1.2675,0
-1.9958,-1.329,0
-2.0741,-1.3904,0
-2.1524,-1.4518,0
-2.2307,-1.5132,0
-2.3091,-1.5746,0
-2.3874,-1.636,0
-2.4658,-1.6974,0
-2.5441,-1.7587,0
-2.6225,-1.8201,0
-2.7008,-1.8815,0
-2.7792,-1.9429,0
-2.8576,-2.0043,0
-2.936,-2.0656,0
-3.0144,-2.127,0
-3.0928,-2.1884,0
-3.1713,-2.2497,0
-3.2497,-2.3111,0
-3.3282,-2.3724,0
-3.4067,-2.4338,0
-3.4853,-2.4951,0
-3.5639,-2.5565,0
-3.6426,-2.6178,0
-3.7216,-2.6791,0
0.18644,0.39654,0
0.10511,0.34039,0
0.023802,0.2842,0
-0.057502,0.22801,0
-0.13881,0.17183,0
-0.22011,0.11565,0
-0.30141,0.05947,0
-0.38271,0.0032959,0
-0.464,-0.052875,0
-0.5453,-0.10904,0
-0.6266,-0.16521,0
-0.70789,-0.22137,0
-0.78919,-0.27752,0
-0.87048,-0.33368,0
-0.95178,-0.38983,0
-1.0331,-0.44598,0
-1.1144,-0.50212,0
-1.1957,-0.55826,0
-1.277,-0.6144,0
-1.3582,-0.67053,0
-1.4395,-0.72666,0
-1.5208,-0.78279,0
-1.6021,-0.83891,0
-1.6834,-0.89503,0
-1.7647,-0.95115,0
-1.846,-1.0073,0
-1.9273,-1.0634,0
-2.0086,-1.1195,0
-2.0899,-1.1756,0
-2.1713,-1.2317,0
-2.2526,-1.2878,0
-2.3339,-1.3439,0
-2.4152,-1.3999,0
-2.4965,-1.456,0
-2.5779,-1.5121,0
-2.6592,-1.5682,0
-2.7405,-1.6243,0
-2.8219,-1.6803,0
-2.9033,-1.7364,0
-2.9846,-1.7925,0
-3.066,-1.8485,0
-3.1474,-1.9046,0
-3.2288,-1.9606,0
-3.3102,-2.0167,0
-3.3917,-2.0727,0
-3.4732,-2.1287,0
-3.5547,-2.1847,0
-3.6362,-2.2408,0
-3.7178,-2.2968,0
-3.7995,-2.3528,0
-3.8815,-2.4088,0
0.17683,0.40121,0
0.092838,0.35056,0
0.0088676,0.29987,0
-0.075101,0.24918,0
-0.15907,0.1985,0
-0.24303,0.14782,0
-0.327,0.097145,0
-0.41096,0.046471,0
-0.49492,-0.0041992,0
-0.57888,-0.054866,0
-0.66284,-0.10553,0
-0.7468,-0.15619,0
-0.83076,-0.20685,0
-0.91472,-0.2575,0
-0.99867,-0.30815,0
-1.0826,-0.3588,0
-1.1666,-0.40944,0
-1.2505,-0.46008,0
-1.3345,-0.51072,0
-1.4185,-0.56135,0
-1.5024,-0.61198,0
-1.5864,-0.66261,0
-1.6703,-0.71323,0
-1.7543,-0.76385,0
-1.8382,-0.81447,0
-1.9222,-0.86508,0
-2.0062,-0.91569,0
-2.0901,-0.96629,0
-2.1741,-1.0169,0
-2.2581,-1.0675,0
-2.342,-1.1181,0
-2.426,-1.1687,0
-2.51,-1.2193,0
-2.594,-1.2698,0
-2.678,-1.3204,0
-2.762,-1.371,0
-2.846,-1.4216,0
-2.93,-1.4721,0
-3.014,-1.5227,0
-3.098,-1.5732,0
-3.1821,-1.6238,0
-3.2661,-1.6743,0
-3.3502,-1.7249,0
-3.4343,-1.7754,0
-3.5184,-1.8259,0
-3.6025,-1.8765,0
-3.6867,-1.927,0
-3.7709,-1.9775,0
-3.8551,-2.028,0
-3.9394,-2.0785,0
-4.0241,-2.1289,0
0.16803,0.40582,0
0.081717,0.36085,0
-0.0045782,0.31583,0
-0.090871,0.27081,0
-0.17716,0.2258,0
-0.26345,0.18079,0
-0.34974,0.13578,0
-0.43603,0.090778,0
-0.52231,0.045778,0
-0.60859,0.00078061,0
-0.69488,-0.044213,0
-0.78116,-0.089204,0
-0.86744,-0.13419,0
-0.95372,-0.17918,0
-1.04,-0.22416,0
-1.1263,-0.26913,0
-1.2126,-0.31411,0
-1.2988,-0.35908,0
-1.3851,-0.40405,0
-1.4714,-0.44901,0
-1.5577,-0.49397,0
-1.6439,-0.53893,0
-1.7302,-0.58388,0
-1.8165,-0.62883,0
-1.9028,-0.67378,0
-1.9891,-0.71872,0
-2.0753,-0.76366,0
-2.1616,-0.8086,0
-2.2479,-0.85353,0
-2.3342,-0.89845,0
-2.4205,-0.94338,0
-2.5068,-0.9883,0
-2.5931,-1.0332,0
-2.6794,-1.0781,0
-2.7657,-1.123,0
-2.852,-1.1679,0
-2.9383,-1.2128,0
-3.0246,-1.2577,0
-3.111,-1.3026,0
-3.1973,-1.3475,0
-3.2837,-1.3924,0
-3.37,-1.4372,0
-3.4564,-1.4821,0
-3.5428,-1.527,0
-3.6292,-1.5718,0
-3.7157,-1.6167,0
-3.8022,-1.6615,0
-3.8887,-1.7063,0
-3.9752,-1.7511,0
-4.0619,-1.7959,0
-4.1489,-1.8406,0
0.16007,0.41039,0
0.071782,0.37124,0
-0.016487,0.33204,0
-0.10475,0.29284,0
-0.19302,0.25364,0
-0.28128,0.21445,0
-0.36954,0.17526,0
-0.4578,0.13607,0
-0.54606,0.096886,0
-0.63432,0.057705,0
-0.72257,0.018527,0
-0.81082,-0.020648,0
-0.89908,-0.059819,0
-0.98733,-0.098988,0
-1.0756,-0.13815,0
-1.1638,-0.17731,0
-1.2521,-0.21647,0
-1.3403,-0.25563,0
-1.4286,-0.29478,0
-1.5168,-0.33393,0
-1.6051,-0.37307,0
-1.6933,-0.41222,0
-1.7816,-0.45135,0
-1.8698,-0.49049,0
-1.9581,-0.52962,0
-2.0463,-0.56875,0
-2.1346,-0.60787,0
-2.2228,-0.64699,0
-2.3111,-0.6861,0
-2.3993,-0.72522,0
-2.4876,-0.76432,0
-2.5759,-0.80343,0
-2.6641,-0.84252,0
-2.7524,-0.88162,0
-2.8407,-0.92071,0
-2.9289,-0.95979,0
-3.0172,-0.99887,0
-3.1055,-1.0379,0
-3.1938,-1.077,0
-3.2821,-1.1161,0
-3.3705,-1.1551,0
-3.4588,-1.1942,0
-3.5471,-1.2332,0
-3.6355,-1.2723,0
-3.7239,-1.3113,0
-3.8123,-1.3503,0
-3.9007,-1.3893,0
-3.9892,-1.4283,0
-4.0777,-1.4673,0
-4.1663,-1.5062,0
-4.2553,-1.5451,0
0.15297,0.41494,0
0.063074,0.38172,0
-0.026811,0.34846,0
-0.11669,0.3152,0
-0.20657,0.28195,0
-0.29645,0.24869,0
-0.38633,0.21544,0
-0.4762,0.18219,0
-0.56608,0.14895,0
-0.65595,0.11571,0
-0.74582,0.082468,0
-0.83569,0.049232,0
-0.92555,0.015999,0
-1.0154,-0.01723,0
-1.1053,-0.050457,0
-1.1951,-0.083681,0
-1.285,-0.1169,0
-1.3749,-0.15012,0
-1.4647,-0.18333,0
-1.5546,-0.21654,0
-1.6445,-0.24975,0
-1.7343,-0.28295,0
-1.8242,-0.31615,0
-1.914,-0.34935,0
-2.0039,-0.38254,0
-2.0938,-0.41573,0
-2.1836,-0.44892,0
-2.2735,-0.4821,0
-2.3634,-0.51527,0
-2.4532,-0.54845,0
-2.5431,-0.58161,0
-2.633,-0.61478,0
-2.7228,-0.64794,0
-2.8127,-0.68109,0
-2.9026,-0.71424,0
-2.9925,-0.74739,0
-3.0824,-0.78053,0
-3.1723,-0.81366,0
-3.2622,-0.84679,0
-3.3521,-0.87991,0
-3.4421,-0.91302,0
-3.532,-0.94613,0
-3.6219,-0.97923,0
-3.7119,-1.0123,0
-3.8019,-1.0454,0
-3.8919,-1.0785,0
-3.982,-1.1115,0
-4.072,-1.1446,0
-4.1622,-1.1776,0
-4.2524,-1.2106,0
-4.3429,-1.2434,0
0.14678,0.41947,0
0.055633,0.39229,0
-0.035505,0.36507,0
-0.12664,0.33785,0
-0.21777,0.31063,0
-0.3089,0.28342,0
-0.40003,0.2562,0
-0.49116,0.22899,0
-0.58228,0.20179,0
-0.6734,0.17458,0
-0.76452,0.14738,0
-0.85564,0.12018,0
-0.94676,0.092986,0
-1.0379,0.065794,0
-1.129,0.038604,0
-1.2201,0.011418,0
-1.3112,-0.015766,0
-1.4023,-0.042946,0
-1.4934,-0.070123,0
-1.5845,-0.097296,0
-1.6757,-0.12447,0
-1.7668,-0.15163,0
-1.8579,-0.1788,0
-1.949,-0.20596,0
-2.0401,-0.23311,0
-2.1312,-0.26026,0
-2.2223,-0.28741,0
-2.3134,-0.31456,0
-2.4045,-0.3417,0
-2.4957,-0.36883,0
-2.5868,-0.39596,0
-2.6779,-0.42309,0
-2.769,-0.45021,0
-2.8601,-0.47733,0
-2.9513,-0.50444,0
-3.0424,-0.53155,0
-3.1335,-0.55865,0
-3.2247,-0.58574,0
-3.3159,-0.61283,0
-3.407,-0.63991,0
-3.4982,-0.66698,0
-3.5894,-0.69405,0
-3.6806,-0.72111,0
-3.7718,-0.74815,0
-3.863,-0.77519,0
-3.9543,-0.80221,0
-4.0455,-0.82922,0
-4.1368,-0.85621,0
-4.2282,-0.88318,0
-4.3197,-0.91011,0
-4.4114,-0.93691,0
0.14153,0.42399,0
0.049497,0.40293,0
-0.042523,0.38182,0
-0.13454,0.36071,0
-0.22656,0.3396,0
-0.31857,0.3185,0
-0.41058,0.2974,0
-0.50259,0.2763,0
-0.5946,0.25521,0
-0.6866,0.23412,0
-0.7786,0.21303,0
-0.8706,0.19194,0
-0.9626,0.17086,0
-1.0546,0.14978,0
-1.1466,0.1287,0
-1.2386,0.10762,0
-1.3306,0.086551,0
-1.4226,0.065482,0
-1.5146,0.044416,0
-1.6066,0.023354,0
-1.6985,0.0022949,0
-1.7905,-0.018761,0
-1.8825,-0.039813,0
-1.9745,-0.060861,0
-2.0665,-0.081906,0
-2.1585,-0.10295,0
-2.2505,-0.12398,0
-2.3425,-0.14502,0
-2.4345,-0.16605,0
-2.5265,-0.18707,0
-2.6185,-0.20809,0
-2.7105,-0.22911,0
-2.8025,-0.25012,0
-2.8945,-0.27112,0
-2.9865,-0.29212,0
-3.0785,-0.31311,0
-3.1705,-0.3341,0
-3.2625,-0.35508,0
-3.3545,-0.37606,0
-3.4466,-0.39702,0
-3.5386,-0.41798,0
-3.6307,-0.43893,0
-3.7228,-0.45988,0
-3.8148,-0.48081,0
-3.9069,-0.50172,0
-3.9991,-0.52263,0
-4.0912,-0.54352,0
-4.1834,-0.56438,0
-4.2756,-0.58522,0
-4.3679,-0.60602,0
-4.4606,-0.62667,0
0.13724,0.4285,0
0.044707,0.4136,0
-0.047824,0.39866,0
-0.14035,0.38371,0
-0.23288,0.36877,0
-0.3254,0.35383,0
-0.41792,0.33889,0
-0.51044,0.32396,0
-0.60296,0.30902,0
-0.69547,0.29409,0
-0.78799,0.27917,0
-0.8805,0.26424,0
-0.97301,0.24932,0
-1.0655,0.2344,0
-1.158,0.21948,0
-1.2505,0.20457,0
-1.343,0.18966,0
-1.4355,0.17475,0
-1.528,0.15985,0
-1.6205,0.14495,0
-1.713,0.13005,0
-1.8055,0.11515,0
-1.898,0.10026,0
-1.9905,0.085373,0
-2.083,0.070489,0
-2.1755,0.055609,0
-2.268,0.040732,0
-2.3605,0.02586,0
-2.453,0.010992,0
-2.5455,-0.0038713,0
-2.638,-0.01873,0
-2.7305,-0.033584,0
-2.823,-0.048433,0
-2.9155,-0.063277,0
-3.008,-0.078115,0
-3.1005,-0.092947,0
-3.1931,-0.10777,0
-3.2856,-0.12259,0
-3.3781,-0.1374,0
-3.4707,-0.15221,0
-3.5632,-0.167,0
-3.6558,-0.18179,0
-3.7483,-0.19656,0
-3.8409,-0.21133,0
-3.9335,-0.22608,0
-4.0262,-0.24081,0
-4.1188,-0.25553,0
-4.2115,-0.27023,0
-4.3042,-0.28489,0
-4.397,-0.29951,0
-4.4901,-0.31395,0
0.13397,0.43301,0
0.041304,0.4243,0
-0.051365,0.41554,0
-0.14403,0.40678,0
-0.23669,0.39803,0
-0.32935,0.38928,0
-0.42201,0.38053,0
-0.51467,0.37178,0
-0.60732,0.36303,0
-0.69997,0.35429,0
-0.79262,0.34555,0
-0.88527,0.33681,0
-0.97791,0.32807,0
-1.0706,0.31934,0
-1.1632,0.31061,0
-1.2558,0.30188,0
-1.3485,0.29316,0
-1.4411,0.28443,0
-1.5337,0.27571,0
-1.6264,0.267,0
-1.719,0.25829,0
-1.8116,0.24958,0
-1.9043,0.24087,0
-1.9969,0.23217,0
-2.0895,0.22347,0
-2.1822,0.21478,0
-2.2748,0.20608,0
-2.3674,0.1974,0
-2.4601,0.18872,0
-2.5527,0.18004,0
-2.6453,0.17137,0
-2.738,0.1627,0
-2.8306,0.15404,0
-2.9232,0.14538,0
-3.0159,0.13673,0
-3.1085,0.12808,0
-3.2012,0.11944,0
-3.2938,0.11081,0
-3.3865,0.10219,0
-3.4792,0.093575,0
-3.5719,0.084969,0
-3.6645,0.076373,0
-3.7572,0.067788,0
-3.85,0.059215,0
-3.9427,0.050656,0
-4.0354,0.042115,0
-4.1282,0.033592,0
-4.221,0.025095,0
-4.3139,0.016631,0
-4.4068,0.0082161,0
-4.5,1.6081e-15,0
0.13184,0.43737,0
0.039406,0.43485,0
-0.053027,0.43228,0
-0.14546,0.42971,0
-0.23789,0.42715,0
-0.33031,0.42458,0
-0.42273,0.42202,0
-0.51515,0.41947,0
-0.60757,0.41691,0
-0.69999,0.41436,0
-0.7924,0.4118,0
-0.88481,0.40926,0
-0.97722,0.40671,0
-1.0696,0.40416,0
-1.162,0.40162,0
-1.2544,0.39908,0
-1.3468,0.39655,0
-1.4392,0.39402,0
-1.5316,0.39149,0
-1.624,0.38896,0
-1.7164,0.38644,0
-1.8088,0.38392,0
-1.9012,0.3814,0
-1.9936,0.37889,0
-2.086,0.37638,0
-2.1784,0.37387,0
-2.2708,0.37137,0
-2.3632,0.36887,0
-2.4556,0.36638,0
-2.548,0.36389,0
-2.6404,0.36141,0
-2.7328,0.35893,0
-2.8252,0.35645,0
-2.9176,0.35399,0
-3.01,0.35153,0
-3.1024,0.34907,0
-3.1948,0.34662,0
-3.2872,0.34418,0
-3.3796,0.34175,0
-3.472,0.33933,0
-3.5645,0.33691,0
-3.6569,0.33451,0
-3.7494,0.33212,0
-3.8418,0.32974,0
-3.9343,0.32738,0
-4.0268,0.32503,0
-4.1194,0.32271,0
-4.2119,0.32041,0
-4.3045,0.31815,0
-4.3972,0.31594,0
-4.4901,0.31395,0
0.13092,0.44141,0
0.039092,0.44507,0
-0.052738,0.44867,0
-0.14457,0.45228,0
-0.23639,0.45589,0
-0.32821,0.4595,0
-0.42003,0.46311,0
-0.51185,0.46672,0
-0.60366,0.47034,0
-0.69547,0.47396,0
-0.78728,0.47758,0
-0.87908,0.4812,0
-0.97089,0.48483,0
-1.0627,0.48845,0
-1.1545,0.49208,0
-1.2463,0.49572,0
-1.3381,0.49935,0
-1.4299,0.50299,0
-1.5217,0.50663,0
-1.6135,0.51028,0
-1.7052,0.51392,0
-1.797,0.51757,0
-1.8888,0.52123,0
-1.9806,0.52488,0
-2.0724,0.52854,0
-2.1642,0.53221,0
-2.256,0.53588,0
-2.3478,0.53955,0
-2.4395,0.54323,0
-2.5313,0.54691,0
-2.6231,0.5506,0
-2.7149,0.55429,0
-2.8067,0.55799,0
-2.8985,0.56169,0
-2.9903,0.5654,0
-3.0821,0.56912,0
-3.1739,0.57284,0
-3.2657,0.57657,0
-3.3575,0.58031,0
-3.4493,0.58406,0
-3.5411,0.58782,0
-3.633,0.59159,0
-3.7248,0.59537,0
-3.8166,0.59917,0
-3.9085,0.60298,0
-4.0004,0.60681,0
-4.0923,0.61067,0
-4.1842,0.61455,0
-4.2762,0.61847,0
-4.3683,0.62245,0
-4.4606,0.62667,0
0.13119,0.44514,0
0.040336,0.45493,0
-0.050523,0.46466,0
-0.14138,0.4744,0
-0.23223,0.48414,0
-0.32308,0.49388,0
-0.41393,0.50362,0
-0.50477,0.51337,0
-0.59561,0.52311,0
-0.68645,0.53286,0
-0.77729,0.54261,0
-0.86812,0.55236,0
-0.95895,0.56212,0
-1.0498,0.57187,0
-1.1406,0.58163,0
-1.2314,0.59139,0
-1.3223,0.60116,0
-1.4131,0.61092,0
-1.5039,0.62069,0
-1.5947,0.63046,0
-1.6855,0.64024,0
-1.7763,0.65002,0
-1.8672,0.6598,0
-1.958,0.66958,0
-2.0488,0.67937,0
-2.1396,0.68916,0
-2.2304,0.69896,0
-2.3212,0.70876,0
-2.412,0.71856,0
-2.5028,0.72837,0
-2.5936,0.73819,0
-2.6845,0.74801,0
-2.7753,0.75783,0
-2.8661,0.76766,0
-2.9569,0.7775,0
-3.0477,0.78735,0
-3.1385,0.7972,0
-3.2294,0.80706,0
-3.3202,0.81693,0
-3.411,0.8268,0
-3.5019,0.83669,0
-3.5927,0.84659,0
-3.6836,0.8565,0
-3.7744,0.86643,0
-3.8653,0.87638,0
-3.9562,0.88634,0
-4.0471,0.89633,0
-4.1381,0.90635,0
-4.2291,0.91641,0
-4.3201,0.92653,0
-4.4114,0.93691,0
0.13263,0.44855,0
0.043116,0.46439,0
-0.046407,0.48019,0
-0.13593,0.49599,0
-0.22544,0.51179,0
-0.31496,0.5276,0
-0.40447,0.5434,0
-0.49398,0.55921,0
-0.58348,0.57502,0
-0.67298,0.59083,0
-0.76248,0.60664,0
-0.85198,0.62245,0
-0.94148,0.63827,0
-1.031,0.65409,0
-1.1205,0.66991,0
-1.2099,0.68573,0
-1.2994,0.70156,0
-1.3889,0.71738,0
-1.4784,0.73321,0
-1.5679,0.74905,0
-1.6574,0.76488,0
-1.7468,0.78072,0
-1.8363,0.79656,0
-1.9258,0.81241,0
-2.0152,0.82826,0
-2.1047,0.84411,0
-2.1942,0.85997,0
-2.2837,0.87583,0
-2.3731,0.89169,0
-2.4626,0.90756,0
-2.5521,0.92343,0
-2.6415,0.93931,0
-2.731,0.9552,0
-2.8205,0.97109,0
-2.91,0.98699,0
-2.9994,1.0029,0
-3.0889,1.0188,0
-3.1784,1.0347,0
-3.2679,1.0507,0
-3.3574,1.0666,0
-3.4469,1.0825,0
-3.5364,1.0985,0
-3.6259,1.1145,0
-3.7154,1.1305,0
-3.805,1.1465,0
-3.8945,1.1625,0
-3.9841,1.1786,0
-4.0737,1.1947,0
-4.1633,1.2108,0
-4.253,1.227,0
-4.3429,1.2434,0
0.13523,0.4516,0
0.04741,0.47342,0
-0.040418,0.49519,0
-0.12824,0.51696,0
-0.21606,0.53874,0
-0.30388,0.56051,0
-0.3917,0.58229,0
-0.47951,0.60407,0
-0.56732,0.62585,0
-0.65513,0.64763,0
-0.74293,0.66941,0
-0.83073,0.6912,0
-0.91853,0.71299,0
-1.0063,0.73477,0
-1.0941,0.75656,0
-1.1819,0.77836,0
-1.2697,0.80015,0
-1.3575,0.82195,0
-1.4453,0.84375,0
-1.5331,0.86555,0
-1.6208,0.88736,0
-1.7086,0.90917,0
-1.7964,0.93098,0
-1.8842,0.95279,0
-1.9719,0.97461,0
-2.0597,0.99643,0
-2.1475,1.0183,0
-2.2353,1.0401,0
-2.323,1.0619,0
-2.4108,1.0838,0
-2.4986,1.1056,0
-2.5864,1.1275,0
-2.6741,1.1493,0
-2.7619,1.1712,0
-2.8497,1.193,0
-2.9374,1.2149,0
-3.0252,1.2368,0
-3.113,1.2587,0
-3.2008,1.2806,0
-3.2886,1.3025,0
-3.3764,1.3244,0
-3.4642,1.3463,0
-3.552,1.3683,0
-3.6398,1.3903,0
-3.7276,1.4122,0
-3.8155,1.4342,0
-3.9033,1.4563,0
-3.9912,1.4783,0
-4.0791,1.5004,0
-4.1671,1.5226,0
-4.2553,1.5451,0
0.13896,0.45427,0
0.053196,0.48195,0
-0.032585,0.50958,0
-0.11836,0.53721,0
-0.20414,0.56485,0
-0.28991,0.59248,0
-0.37567,0.62012,0
-0.46144,0.64775,0
-0.5472,0.67539,0
-0.63296,0.70303,0
-0.71872,0.73067,0
-0.80447,0.75831,0
-0.89022,0.78596,0
-0.97597,0.8136,0
-1.0617,0.84125,0
-1.1475,0.8689,0
-1.2332,0.89655,0
-1.3189,0.9242,0
-1.4047,0.95186,0
-1.4904,0.97952,0
-1.5761,1.0072,0
-1.6619,1.0348,0
-1.7476,1.0625,0
-1.8333,1.0902,0
-1.919,1.1179,0
-2.0048,1.1455,0
-2.0905,1.1732,0
-2.1762,1.2009,0
-2.2619,1.2286,0
-2.3476,1.2563,0
-2.4334,1.284,0
-2.5191,1.3117,0
-2.6048,1.3394,0
-2.6905,1.3671,0
-2.7763,1.3948,0
-2.862,1.4226,0
-2.9477,1.4503,0
-3.0334,1.478,0
-3.1192,1.5058,0
-3.2049,1.5336,0
-3.2906,1.5613,0
-3.3764,1.5891,0
-3.4621,1.6169,0
-3.5479,1.6447,0
-3.6336,1.6726,0
-3.7194,1.7004,0
-3.8052,1.7283,0
-3.891,1.7563,0
-3.9769,1.7842,0
-4.0628,1.8123,0
-4.1489,1.8406,0
0.14382,0.45654,0
0.060452,0.48994,0
-0.022936,0.5233,0
-0.10632,0.55665,0
-0.1897,0.59,0
-0.27308,0.62336,0
-0.35646,0.65672,0
-0.43983,0.69007,0
-0.5232,0.72343,0
-0.60656,0.75679,0
-0.68993,0.79015,0
-0.77329,0.82351,0
-0.85665,0.85688,0
-0.94,0.89024,0
-1.0234,0.92361,0
-1.1067,0.95698,0
-1.19,0.99035,0
-1.2734,1.0237,0
-1.3567,1.0571,0
-1.4401,1.0905,0
-1.5234,1.1239,0
-1.6068,1.1572,0
-1.6901,1.1906,0
-1.7734,1.224,0
-1.8567,1.2574,0
-1.9401,1.2908,0
-2.0234,1.3242,0
-2.1067,1.3576,0
-2.1901,1.391,0
-2.2734,1.4244,0
-2.3567,1.4578,0
-2.44,1.4913,0
-2.5233,1.5247,0
-2.6067,1.5581,0
-2.69,1.5916,0
-2.7733,1.625,0
-2.8566,1.6585,0
-2.94,1.6919,0
-3.0233,1.7254,0
-3.1066,1.7589,0
-3.19,1.7924,0
-3.2733,1.8259,0
-3.3567,1.8594,0
-3.44,1.8929,0
-3.5234,1.9265,0
-3.6068,1.9601,0
-3.6901,1.9937,0
-3.7735,2.0273,0
-3.857,2.061,0
-3.9405,2.0948,0
-4.0241,2.1289,0
0.1498,0.45838,0
0.069157,0.49734,0
-0.011504,0.53625,0
-0.092162,0.57517,0
-0.17282,0.61409,0
-0.25347,0.653,0
-0.33412,0.69192,0
-0.41476,0.73084,0
-0.4954,0.76976,0
-0.57604,0.80868,0
-0.65668,0.8476,0
-0.73731,0.88653,0
-0.81794,0.92545,0
-0.89857,0.96438,0
-0.97919,1.0033,0
-1.0598,1.0422,0
-1.1404,1.0812,0
-1.221,1.1201,0
-1.3017,1.159,0
-1.3823,1.198,0
-1.4629,1.2369,0
-1.5435,1.2759,0
-1.6241,1.3148,0
-1.7047,1.3537,0
-1.7853,1.3927,0
-1.8659,1.4316,0
-1.9465,1.4706,0
-2.0271,1.5096,0
-2.1077,1.5485,0
-2.1883,1.5875,0
-2.2689,1.6265,0
-2.3495,1.6655,0
-2.4301,1.7044,0
-2.5107,1.7434,0
-2.5912,1.7824,0
-2.6718,1.8214,0
-2.7524,1.8605,0
-2.833,1.8995,0
-2.9136,1.9385,0
-2.9942,1.9775,0
-3.0748,2.0166,0
-3.1554,2.0557,0
-3.236,2.0948,0
-3.3167,2.1339,0
-3.3973,2.173,0
-3.4779,2.2121,0
-3.5586,2.2513,0
-3.6392,2.2905,0
-3.7199,2.3298,0
-3.8006,2.3691,0
-3.8815,2.4088,0
0.15687,0.45973,0
0.079287,0.50407,0
0.0016773,0.54837,0
-0.075929,0.59267,0
-0.15353,0.63697,0
-0.23113,0.68127,0
-0.30873,0.72557,0
-0.38632,0.76987,0
-0.46391,0.81417,0
-0.5415,0.85847,0
-0.61909,0.90278,0
-0.69667,0.94708,0
-0.77425,0.99139,0
-0.85182,1.0357,0
-0.92939,1.08,0
-1.007,1.1243,0
-1.0845,1.1686,0
-1.1621,1.2129,0
-1.2397,1.2572,0
-1.3172,1.3016,0
-1.3948,1.3459,0
-1.4723,1.3902,0
-1.5499,1.4345,0
-1.6274,1.4789,0
-1.705,1.5232,0
-1.7825,1.5675,0
-1.8601,1.6119,0
-1.9376,1.6562,0
-2.0152,1.7005,0
-2.0927,1.7449,0
-2.1702,1.7892,0
-2.2478,1.8336,0
-2.3253,1.878,0
-2.4028,1.9223,0
-2.4804,1.9667,0
-2.5579,2.0111,0
-2.6355,2.0555,0
-2.713,2.0999,0
-2.7905,2.1443,0
-2.8681,2.1887,0
-2.9456,2.2331,0
-3.0232,2.2776,0
-3.1007,2.3221,0
-3.1783,2.3665,0
-3.2558,2.411,0
-3.3334,2.4556,0
-3.411,2.5001,0
-3.4886,2.5447,0
-3.5662,2.5893,0
-3.6438,2.6341,0
-3.7216,2.6791,0
0.16504,0.46057,0
0.090818,0.51009,0
0.016571,0.55957,0
-0.057673,0.60905,0
-0.13191,0.65853,0
-0.20615,0.70801,0
-0.28039,0.75749,0
-0.35462,0.80698,0
-0.42884,0.85646,0
-0.50307,0.90594,0
-0.57729,0.95542,0
-0.65151,1.0049,0
-0.72572,1.0544,0
-0.79994,1.1039,0
-0.87415,1.1534,0
-0.94835,1.2029,0
-1.0226,1.2523,0
-1.0968,1.3018,0
-1.171,1.3513,0
-1.2452,1.4008,0
-1.3193,1.4503,0
-1.3935,1.4998,0
-1.4677,1.5493,0
-1.5419,1.5988,0
-1.6161,1.6483,0
-1.6903,1.6978,0
-1.7645,1.7474,0
-1.8386,1.7969,0
-1.9128,1.8464,0
-1.987,1.8959,0
-2.0612,1.9455,0
-2.1353,1.995,0
-2.2095,2.0445,0
-2.2837,2.0941,0
-2.3578,2.1436,0
-2.432,2.1932,0
-2.5062,2.2428,0
-2.5804,2.2923,0
-2.6545,2.3419,0
-2.7287,2.3915,0
-2.8029,2.4411,0
-2.877,2.4908,0
-2.9512,2.5404,0
-3.0254,2.59,0
-3.0996,2.6397,0
-3.1738,2.6894,0
-3.248,2.7392,0
-3.3222,2.7889,0
-3.3964,2.8388,0
-3.4707,2.8887,0
-3.5451,2.9389,0
0.17428,0.46085,0
0.10372,0.51533,0
0.033137,0.56977,0
-0.037446,0.62421,0
-0.10803,0.67866,0
-0.1786,0.7331,0
-0.24918,0.78754,0
-0.31975,0.84198,0
-0.39031,0.89642,0
-0.46088,0.95087,0
-0.53144,1.0053,0
-0.602,1.0598,0
-0.67255,1.1142,0
-0.7431,1.1686,0
-0.81365,1.2231,0
-0.8842,1.2775,0
-0.95474,1.332,0
-1.0253,1.3864,0
-1.0958,1.4409,0
-1.1664,1.4953,0
-1.2369,1.5498,0
-1.3074,1.6043,0
-1.3779,1.6587,0
-1.4485,1.7132,0
-1.519,1.7676,0
-1.5895,1.8221,0
-1.66,1.8766,0
-1.7305,1.9311,0
-1.8011,1.9855,0
-1.8716,2.04,0
-1.9421,2.0945,0
-2.0126,2.149,0
-2.0831,2.2035,0
-2.1536,2.258,0
-2.2241,2.3125,0
-2.2946,2.367,0
-2.3651,2.4215,0
-2.4356,2.4761,0
-2.5061,2.5306,0
-2.5766,2.5852,0
-2.6471,2.6397,0
-2.7176,2.6943,0
-2.7881,2.7489,0
-2.8587,2.8035,0
-2.9292,2.8582,0
-2.9997,2.9128,0
-3.0702,2.9675,0
-3.1408,3.0222,0
-3.2113,3.077,0
-3.2819,3.1319,0
-3.3526,3.1871,0
0.18459,0.46053,0
0.11798,0.51973,0
0.051333,0.5789,0
-0.015306,0.63806,0
-0.081943,0.69723,0
-0.14858,0.75639,0
-0.21521,0.81555,0
-0.28183,0.87472,0
-0.34846,0.93388,0
-0.41508,0.99304,0
-0.48169,1.0522,0
-0.54831,1.1114,0
-0.61492,1.1705,0
-0.68153,1.2297,0
-0.74813,1.2889,0
-0.81473,1.348,0
-0.88133,1.4072,0
-0.94793,1.4664,0
-1.0145,1.5255,0
-1.0811,1.5847,0
-1.1477,1.6439,0
-1.2143,1.7031,0
-1.2809,1.7622,0
-1.3475,1.8214,0
-1.414,1.8806,0
-1.4806,1.9398,0
-1.5472,1.999,0
-1.6137,2.0582,0
-1.6803,2.1174,0
-1.7469,2.1766,0
-1.8134,2.2358,0
-1.88,2.295,0
-1.9466,2.3542,0
-2.0131,2.4134,0
-2.0797,2.4726,0
-2.1462,2.5319,0
-2.2128,2.5911,0
-2.2794,2.6504,0
-2.3459,2.7096,0
-2.4125,2.7689,0
-2.479,2.8282,0
-2.5456,2.8875,0
-2.6121,2.9468,0
-2.6787,3.0061,0
-2.7452,3.0655,0
-2.8118,3.1248,0
-2.8784,3.1842,0
-2.945,3.2437,0
-3.0115,3.3032,0
-3.0781,3.3628,0
-3.1448,3.4227,0
0.19594,0.45958,0
0.13354,0.52324,0
0.071112,0.58687,0
0.0086832,0.6505,0
-0.053743,0.71413,0
-0.11617,0.77776,0
-0.17858,0.84139,0
-0.241,0.90501,0
-0.30341,0.96864,0
-0.36582,1.0323,0
-0.42823,1.0959,0
-0.49063,1.1595,0
-0.55303,1.2231,0
-0.61543,1.2868,0
-0.67783,1.3504,0
-0.74022,1.414,0
-0.80261,1.4777,0
-0.86499,1.5413,0
-0.92738,1.6049,0
-0.98976,1.6686,0
-1.0521,1.7322,0
-1.1145,1.7958,0
-1.1769,1.8595,0
-1.2392,1.9231,0
-1.3016,1.9868,0
-1.364,2.0504,0
-1.4263,2.114,0
-1.4887,2.1777,0
-1.5511,2.2414,0
-1.6134,2.305,0
-1.6758,2.3687,0
-1.7381,2.4323,0
-1.8005,2.496,0
-1.8628,2.5597,0
-1.9252,2.6234,0
-1.9875,2.6871,0
-2.0498,2.7508,0
-2.1122,2.8145,0
-2.1745,2.8782,0
-2.2368,2.9419,0
-2.2992,3.0057,0
-2.3615,3.0694,0
-2.4239,3.1332,0
-2.4862,3.197,0
-2.5485,3.2608,0
-2.6109,3.3246,0
-2.6732,3.3885,0
-2.7356,3.4524,0
-2.7979,3.5164,0
-2.8603,3.5804,0
-2.9227,3.6448,0
0.20833,0.45795,0
0.1504,0.52581,0
0.092423,0.59363,0
0.034455,0.66145,0
-0.02351,0.72926,0
-0.081473,0.79708,0
-0.13943,0.8649,0
-0.19739,0.93272,0
-0.25534,1.0005,0
-0.31329,1.0684,0
-0.37124,1.1362,0
-0.42918,1.204,0
-0.48712,1.2718,0
-0.54506,1.3396,0
-0.60299,1.4074,0
-0.66093,1.4753,0
-0.71885,1.5431,0
-0.77678,1.6109,0
-0.8347,1.6787,0
-0.89262,1.7465,0
-0.95054,1.8144,0
-1.0085,1.8822,0
-1.0664,1.95,0
-1.1243,2.0178,0
-1.1822,2.0857,0
-1.2401,2.1535,0
-1.298,2.2213,0
-1.3559,2.2892,0
-1.4138,2.357,0
-1.4717,2.4248,0
-1.5296,2.4927,0
-1.5874,2.5606,0
-1.6453,2.6284,0
-1.7032,2.6963,0
-1.7611,2.7641,0
-1.819,2.832,0
-1.8769,2.8999,0
-1.9347,2.9678,0
-1.9926,3.0357,0
-2.0505,3.1036,0
-2.1083,3.1715,0
-2.1662,3.2395,0
-2.2241,3.3074,0
-2.2819,3.3754,0
-2.3398,3.4434,0
-2.3977,3.5114,0
-2.4556,3.5795,0
-2.5134,3.6476,0
-2.5713,3.7157,0
-2.6292,3.784,0
-2.6871,3.8526,0
0.22174,0.45561,0
0.16849,0.52736,0
0.11521,0.59908,0
0.061936,0.67081,0
0.0086628,0.74253,0
-0.044608,0.81424,0
-0.097875,0.88596,0
-0.15114,0.95768,0
-0.2044,1.0294,0
-0.25766,1.1011,0
-0.31091,1.1728,0
-0.36417,1.2445,0
-0.41742,1.3163,0
-0.47066,1.388,0
-0.5239,1.4597,0
-0.57714,1.5314,0
-0.63038,1.6031,0
-0.68362,1.6748,0
-0.73685,1.7466,0
-0.79007,1.8183,0
-0.8433,1.89,0
-0.89652,1.9617,0
-0.94974,2.0334,0
-1.003,2.1052,0
-1.0562,2.1769,0
-1.1094,2.2486,0
-1.1626,2.3204,0
-1.2158,2.3921,0
-1.269,2.4638,0
-1.3222,2.5356,0
-1.3754,2.6073,0
-1.4286,2.6791,0
-1.4818,2.7508,0
-1.535,2.8226,0
-1.5882,2.8943,0
-1.6413,2.9661,0
-1.6945,3.0379,0
-1.7477,3.1097,0
-1.8009,3.1815,0
-1.8541,3.2533,0
-1.9072,3.3251,0
-1.9604,3.3969,0
-2.0136,3.4688,0
-2.0667,3.5407,0
-2.1199,3.6126,0
-2.1731,3.6845,0
-2.2262,3.7564,0
-2.2794,3.8284,0
-2.3326,3.9005,0
-2.3857,3.9726,0
-2.4389,4.0451,0
0.23614,0.45252,0
0.1878,0.52787,0
0.13942,0.60319,0
0.09105,0.6785,0
0.042681,0.75382,0
-0.0056856,0.82914,0
-0.054049,0.90445,0
-0.10241,0.97977,0
-0.15077,1.0551,0
-0.19912,1.1304,0
-0.24747,1.2057,0
-0.29582,1.281,0
-0.34417,1.3563,0
-0.39251,1.4316,0
-0.44085,1.507,0
-0.48918,1.5823,0
-0.53752,1.6576,0
-0.58585,1.7329,0
-0.63418,1.8082,0
-0.6825,1.8835,0
-0.73082,1.9588,0
-0.77914,2.0341,0
-0.82746,2.1095,0
-0.87577,2.1848,0
-0.92408,2.2601,0
-0.97238,2.3354,0
-1.0207,2.4107,0
-1.069,2.4861,0
-1.1173,2.5614,0
-1.1656,2.6367,0
-1.2139,2.7121,0
-1.2622,2.7874,0
-1.3104,2.8628,0
-1.3587,2.9381,0
-1.407,3.0135,0
-1.4553,3.0888,0
-1.5036,3.1642,0
-1.5518,3.2396,0
-1.6001,3.315,0
-1.6484,3.3904,0
-1.6966,3.4658,0
-1.7449,3.5412,0
-1.7932,3.6166,0
-1.8414,3.6921,0
-1.8897,3.7676,0
-1.9379,3.8431,0
-1.9862,3.9186,0
-2.0344,3.9942,0
-2.0826,4.0698,0
-2.1309,4.1456,0
-2.1791,4.2216,0
0.25151,0.44865,0
0.20827,0.52727,0
0.16499,0.60587,0
0.12171,0.68447,0
0.078441,0.76307,0
0.035171,0.84166,0
-0.0080961,0.92026,0
-0.05136,0.99885,0
-0.094622,1.0774,0
-0.13788,1.156,0
-0.18114,1.2346,0
-0.22439,1.3132,0
-0.26764,1.3918,0
-0.31088,1.4704,0
-0.35413,1.549,0
-0.39737,1.6276,0
-0.44061,1.7062,0
-0.48384,1.7847,0
-0.52707,1.8633,0
-0.5703,1.9419,0
-0.61353,2.0205,0
-0.65675,2.0991,0
-0.69997,2.1777,0
-0.74318,2.2563,0
-0.7864,2.3349,0
-0.82961,2.4135,0
-0.87282,2.4921,0
-0.91602,2.5707,0
-0.95922,2.6493,0
-1.0024,2.7279,0
-1.0456,2.8065,0
-1.0888,2.8851,0
-1.132,2.9638,0
-1.1752,3.0424,0
-1.2184,3.121,0
-1.2615,3.1996,0
-1.3047,3.2783,0
-1.3479,3.3569,0
-1.3911,3.4356,0
-1.4342,3.5143,0
-1.4774,3.593,0
-1.5205,3.6717,0
-1.5637,3.7504,0
-1.6069,3.8291,0
-1.65,3.9078,0
-1.6931,3.9866,0
-1.7363,4.0654,0
-1.7794,4.1443,0
-1.8225,4.2232,0
-1.8657,4.3022,0
-1.9088,4.3815,0
0.26783,0.44397,0
0.22986,0.52554,0
0.19185,0.60709,0
0.15384,0.68864,0
0.11584,0.77019,0
0.077834,0.85173,0
0.039834,0.93328,0
0.0018375,1.0148,0
-0.036156,1.0964,0
-0.074147,1.1779,0
-0.11214,1.2594,0
-0.15012,1.341,0
-0.1881,1.4225,0
-0.22608,1.5041,0
-0.26406,1.5856,0
-0.30203,1.6671,0
-0.34,1.7487,0
-0.37797,1.8302,0
-0.41593,1.9117,0
-0.4539,1.9933,0
-0.49185,2.0748,0
-0.52981,2.1564,0
-0.56776,2.2379,0
-0.60571,2.3194,0
-0.64366,2.401,0
-0.6816,2.4825,0
-0.71954,2.5641,0
-0.75748,2.6456,0
-0.79541,2.7272,0
-0.83334,2.8087,0
-0.87127,2.8903,0
-0.90919,2.9718,0
-0.94711,3.0534,0
-0.98503,3.135,0
-1.0229,3.2165,0
-1.0609,3.2981,0
-1.0988,3.3797,0
-1.1367,3.4613,0
-1.1746,3.5429,0
-1.2125,3.6245,0
-1.2503,3.7062,0
-1.2882,3.7878,0
-1.3261,3.8694,0
-1.364,3.9511,0
-1.4019,4.0328,0
-1.4397,4.1145,0
-1.4776,4.1963,0
-1.5154,4.2781,0
-1.5533,4.3599,0
-1.5911,4.4418,0
-1.6289,4.5241,0
0.28507,0.43845,0
0.25252,0.52263,0
0.21993,0.60679,0
0.18734,0.69095,0
0.15475,0.77511,0
0.12217,0.85927,0
0.089585,0.94342,0
0.057006,1.0276,0
0.02443,1.1117,0
-0.0081437,1.1959,0
-0.040715,1.28,0
-0.073283,1.3642,0
-0.10585,1.4483,0
-0.13841,1.5325,0
-0.17097,1.6166,0
-0.20353,1.7008,0
-0.23608,1.7849,0
-0.26863,1.869,0
-0.30118,1.9532,0
-0.33372,2.0373,0
-0.36627,2.1215,0
-0.3988,2.2056,0
-0.43134,2.2898,0
-0.46387,2.3739,0
-0.4964,2.4581,0
-0.52893,2.5422,0
-0.56145,2.6264,0
-0.59397,2.7105,0
-0.62649,2.7947,0
-0.659,2.8788,0
-0.69151,2.963,0
-0.72401,3.0472,0
-0.75652,3.1313,0
-0.78901,3.2155,0
-0.82151,3.2997,0
-0.854,3.3839,0
-0.88649,3.4681,0
-0.91897,3.5523,0
-0.95145,3.6365,0
-0.98392,3.7207,0
-1.0164,3.8049,0
-1.0489,3.8891,0
-1.0813,3.9734,0
-1.1138,4.0577,0
-1.1462,4.142,0
-1.1786,4.2263,0
-1.2111,4.3106,0
-1.2435,4.395,0
-1.2759,4.4795,0
-1.3083,4.564,0
-1.3406,4.6489,0
0.30321,0.43208,0
0.2762,0.51852,0
0.24916,0.60494,0
0.22211,0.69136,0
0.19507,0.77778,0
0.16803,0.8642,0
0.141,0.95061,0
0.11396,1.037,0
0.08693,1.1234,0
0.059901,1.2098,0
0.032875,1.2962,0
0.0058521,1.3827,0
-0.021168,1.4691,0
-0.048186,1.5555,0
-0.075201,1.6419,0
-0.10221,1.7283,0
-0.12922,1.8147,0
-0.15623,1.9011,0
-0.18323,1.9875,0
-0.21023,2.0739,0
-0.23723,2.1603,0
-0.26422,2.2467,0
-0.29122,2.3331,0
-0.3182,2.4195,0
-0.34519,2.5059,0
-0.37217,2.5923,0
-0.39915,2.6787,0
-0.42612,2.7651,0
-0.45309,2.8515,0
-0.48006,2.9379,0
-0.50703,3.0244,0
-0.53399,3.1108,0
-0.56094,3.1972,0
-0.5879,3.2836,0
-0.61484,3.3701,0
-0.64179,3.4565,0
-0.66873,3.543,0
-0.69566,3.6294,0
-0.72259,3.7159,0
-0.74952,3.8023,0
-0.77644,3.8888,0
-0.80335,3.9753,0
-0.83026,4.0618,0
-0.85716,4.1483,0
-0.88405,4.2349,0
-0.91094,4.3214,0
-0.93781,4.408,0
-0.96467,4.4947,0
-0.99152,4.5814,0
-1.0183,4.6682,0
-1.0451,4.7553,0
0.3222,0.42484,0
0.30085,0.51318,0
0.27946,0.6015,0
0.25806,0.68982,0
0.23667,0.77814,0
0.21528,0.86646,0
0.1939,0.95478,0
0.17251,1.0431,0
0.15113,1.1314,0
0.12975,1.2197,0
0.10838,1.308,0
0.087002,1.3963,0
0.065632,1.4846,0
0.044263,1.5729,0
0.022898,1.6613,0
0.0015353,1.7496,0
-0.019825,1.8379,0
-0.041182,1.9262,0
-0.062536,2.0145,0
-0.083887,2.1028,0
-0.10524,2.1911,0
-0.12658,2.2794,0
-0.14792,2.3677,0
-0.16926,2.456,0
-0.1906,2.5443,0
-0.21193,2.6326,0
-0.23326,2.7209,0
-0.25458,2.8092,0
-0.27591,2.8975,0
-0.29722,2.9858,0
-0.31854,3.0741,0
-0.33985,3.1625,0
-0.36115,3.2508,0
-0.38246,3.3391,0
-0.40375,3.4274,0
-0.42505,3.5158,0
-0.44634,3.6041,0
-0.46762,3.6924,0
-0.4889,3.7808,0
-0.51017,3.8692,0
-0.53144,3.9575,0
-0.5527,4.0459,0
-0.57395,4.1343,0
-0.59519,4.2227,0
-0.61643,4.3112,0
-0.63765,4.3996,0
-0.65887,4.4881,0
-0.68007,4.5767,0
-0.70125,4.6652,0
-0.7224,4.7539,0
-0.74345,4.8429,0
0.34203,0.41671,0
0.32641,0.50658,0
0.31074,0.59645,0
0.29508,0.68631,0
0.27942,0.77617,0
0.26377,0.86602,0
0.24811,0.95588,0
0.23246,1.0457,0
0.21681,1.1356,0
0.20117,1.2254,0
0.18552,1.3153,0
0.16988,1.4051,0
0.15424,1.495,0
0.1386,1.5848,0
0.12297,1.6747,0
0.10734,1.7645,0
0.091709,1.8543,0
0.076084,1.9442,0
0.060461,2.034,0
0.04484,2.1238,0
0.029223,2.2137,0
0.013609,2.3035,0
-0.0020021,2.3934,0
-0.01761,2.4832,0
-0.033215,2.573,0
-0.048816,2.6629,0
-0.064414,2.7527,0
-0.080008,2.8426,0
-0.095598,2.9324,0
-0.11119,3.0222,0
-0.12677,3.1121,0
-0.14235,3.2019,0
-0.15792,3.2918,0
-0.17349,3.3816,0
-0.18906,3.4715,0
-0.20462,3.5614,0
-0.22017,3.6512,0
-0.23572,3.7411,0
-0.25127,3.831,0
-0.26681,3.9209,0
-0.28234,4.0108,0
-0.29786,4.1007,0
-0.31338,4.1907,0
-0.32888,4.2806,0
-0.34438,4.3706,0
-0.35987,4.4606,0
-0.37534,4.5506,0
-0.3908,4.6406,0
-0.40623,4.7307,0
-0.42163,4.8209,0
-0.43691,4.9114,0
0.36264,0.40768,0
0.35281,0.49873,0
0.34294,0.58976,0
0.33307,0.68079,0
0.3232,0.77182,0
0.31333,0.86284,0
0.30347,0.95386,0
0.29361,1.0449,0
0.28375,1.1359,0
0.2739,1.2269,0
0.26404,1.3179,0
0.25419,1.4089,0
0.24434,1.5,0
0.23449,1.591,0
0.22465,1.682,0
0.21481,1.773,0
0.20497,1.864,0
0.19513,1.955,0
0.1853,2.046,0
0.17547,2.137,0
0.16564,2.228,0
0.15581,2.319,0
0.14599,2.41,0
0.13617,2.501,0
0.12636,2.592,0
0.11655,2.683,0
0.10674,2.774,0
0.096933,2.865,0
0.087132,2.956,0
0.077335,3.0471,0
0.067542,3.1381,0
0.057753,3.2291,0
0.047968,3.3201,0
0.038188,3.4111,0
0.028413,3.5021,0
0.018643,3.5932,0
0.0088785,3.6842,0
-0.00088023,3.7752,0
-0.010633,3.8663,0
-0.020379,3.9573,0
-0.030117,4.0484,0
-0.039848,4.1395,0
-0.04957,4.2306,0
-0.059283,4.3217,0
-0.068984,4.4128,0
-0.078672,4.5039,0
-0.088346,4.5951,0
-0.098,4.6863,0
-0.10763,4.7776,0
-0.11722,4.8689,0
-0.12667,4.9606,0
0.384,0.39777,0
0.38,0.4896,0
0.37595,0.58143,0
0.37191,0.67325,0
0.36787,0.76508,0
0.36383,0.8569,0
0.35979,0.94871,0
0.35575,1.0405,0
0.35172,1.1323,0
0.34769,1.2242,0
0.34366,1.316,0
0.33963,1.4078,0
0.33561,1.4996,0
0.33158,1.5914,0
0.32756,1.6832,0
0.32355,1.775,0
0.31953,1.8668,0
0.31552,1.9586,0
0.31151,2.0504,0
0.3075,2.1422,0
0.3035,2.234,0
0.2995,2.3258,0
0.2955,2.4176,0
0.29151,2.5094,0
0.28751,2.6012,0
0.28353,2.6929,0
0.27954,2.7847,0
0.27556,2.8765,0
0.27158,2.9683,0
0.26761,3.0601,0
0.26364,3.1519,0
0.25968,3.2437,0
0.25572,3.3355,0
0.25176,3.4274,0
0.24781,3.5192,0
0.24387,3.611,0
0.23993,3.7028,0
0.23599,3.7946,0
0.23207,3.8865,0
0.22815,3.9783,0
0.22424,4.0702,0
0.22033,4.162,0
0.21644,4.2539,0
0.21256,4.3458,0
0.20869,4.4377,0
0.20483,4.5296,0
0.20099,4.6216,0
0.19717,4.7135,0
0.19338,4.8056,0
0.18963,4.8977,0
0.18605,4.9901,0
0.40607,0.38695,0
0.4079,0.4792,0
0.40969,0.57145,0
0.41149,0.6637,0
0.41328,0.75594,0
0.41508,0.84818,0
0.41688,0.94041,0
0.41868,1.0326,0
0.42048,1.1249,0
0.42228,1.2171,0
0.42409,1.3093,0
0.4259,1.4016,0
0.42771,1.4938,0
0.42952,1.586,0
0.43134,1.6782,0
0.43316,1.7704,0
0.43498,1.8627,0
0.4368,1.9549,0
0.43862,2.0471,0
0.44045,2.1393,0
0.44228,2.2315,0
0.44412,2.3237,0
0.44595,2.4159,0
0.44779,2.5082,0
0.44964,2.6004,0
0.45148,2.6926,0
0.45333,2.7848,0
0.45519,2.877,0
0.45704,2.9692,0
0.4589,3.0614,0
0.46077,3.1536,0
0.46264,3.2459,0
0.46451,3.3381,0
0.46639,3.4303,0
0.46828,3.5225,0
0.47017,3.6148,0
0.47207,3.707,0
0.47397,3.7992,0
0.47588,3.8915,0
0.4778,3.9837,0
0.47972,4.076,0
0.48166,4.1683,0
0.48361,4.2605,0
0.48556,4.3528,0
0.48753,4.4451,0
0.48952,4.5375,0
0.49152,4.6298,0
0.49355,4.7222,0
0.49561,4.8147,0
0.49771,4.9072,0
0.5,5,0
0.42879,0.37525,0
0.43645,0.46755,0
0.44406,0.55984,0
0.45168,0.65213,0
0.45929,0.74442,0
0.46691,0.8367,0
0.47453,0.92898,0
0.48215,1.0213,0
0.48978,1.1135,0
0.4974,1.2058,0
0.50503,1.2981,0
0.51266,1.3903,0
0.52029,1.4826,0
0.52792,1.5749,0
0.53556,1.6671,0
0.5432,1.7594,0
0.55084,1.8517,0
0.55848,1.9439,0
0.56613,2.0362,0
0.57378,2.1284,0
0.58143,2.2207,0
0.58909,2.3129,0
0.59675,2.4052,0
0.60441,2.4974,0
0.61207,2.5897,0
0.61974,2.6819,0
0.62741,2.7742,0
0.63509,2.8664,0
0.64277,2.9587,0
0.65045,3.0509,0
0.65814,3.1432,0
0.66583,3.2354,0
0.67353,3.3277,0
0.68123,3.42,0
0.68894,3.5122,0
0.69666,3.6045,0
0.70438,3.6967,0
0.7121,3.789,0
0.71984,3.8813,0
0.72758,3.9736,0
0.73533,4.0659,0
0.74309,4.1582,0
0.75087,4.2505,0
0.75865,4.3428,0
0.76645,4.4352,0
0.77427,4.5275,0
0.7821,4.6199,0
0.78996,4.7123,0
0.79786,4.8048,0
0.8058,4.8973,0
0.81395,4.9901,0
0.45168,0.36303,0
0.46514,0.45498,0
0.47855,0.54693,0
0.49196,0.63888,0
0.50538,0.73083,0
0.51879,0.82277,0
0.53221,0.91471,0
0.54563,1.0066,0
0.55905,1.0986,0
0.57247,1.1905,0
0.58589,1.2824,0
0.59932,1.3744,0
0.61275,1.4663,0
0.62618,1.5582,0
0.63961,1.6501,0
0.65304,1.7421,0
0.66648,1.834,0
0.67992,1.9259,0
0.69336,2.0178,0
0.7068,2.1097,0
0.72025,2.2016,0
0.7337,2.2935,0
0.74715,2.3854,0
0.76061,2.4773,0
0.77406,2.5692,0
0.78752,2.6612,0
0.80099,2.7531,0
0.81446,2.845,0
0.82793,2.9369,0
0.84141,3.0288,0
0.85489,3.1207,0
0.86838,3.2126,0
0.88187,3.3045,0
0.89536,3.3964,0
0.90887,3.4883,0
0.92237,3.5802,0
0.93589,3.6722,0
0.94941,3.7641,0
0.96294,3.856,0
0.97648,3.9479,0
0.99002,4.0399,0
1.0036,4.1318,0
1.0171,4.2238,0
1.0307,4.3158,0
1.0443,4.4078,0
1.0579,4.4998,0
1.0716,4.5918,0
1.0852,4.6839,0
1.0989,4.776,0
1.1127,4.8681,0
1.1267,4.9606,0
0.47501,0.35026,0
0.4942,0.44149,0
0.51335,0.53272,0
0.5325,0.62395,0
0.55166,0.71517,0
0.57081,0.80639,0
0.58997,0.89761,0
0.60912,0.98883,0
0.62828,1.08,0
0.64744,1.1713,0
0.6666,1.2625,0
0.68577,1.3537,0
0.70493,1.4449,0
0.7241,1.5361,0
0.74327,1.6273,0
0.76244,1.7185,0
0.78161,1.8097,0
0.80078,1.9008,0
0.81996,1.992,0
0.83914,2.0832,0
0.85832,2.1744,0
0.87751,2.2656,0
0.8967,2.3568,0
0.91589,2.448,0
0.93508,2.5391,0
0.95428,2.6303,0
0.97348,2.7215,0
0.99268,2.8127,0
1.0119,2.9039,0
1.0311,2.995,0
1.0503,3.0862,0
1.0695,3.1774,0
1.0888,3.2686,0
1.108,3.3598,0
1.1272,3.4509,0
1.1465,3.5421,0
1.1657,3.6333,0
1.185,3.7245,0
1.2043,3.8157,0
1.2235,3.9069,0
1.2428,3.9981,0
1.2621,4.0894,0
1.2814,4.1806,0
1.3007,4.2718,0
1.3201,4.3631,0
1.3394,4.4544,0
1.3588,4.5456,0
1.3782,4.637,0
1.3977,4.7283,0
1.4172,4.8197,0
1.4369,4.9114,0
0.49873,0.33698,0
0.52358,0.4271,0
0.54839,0.51724,0
0.5732,0.60737,0
0.59801,0.69749,0
0.62282,0.78761,0
0.64763,0.87773,0
0.67244,0.96785,0
0.69726,1.058,0
0.72207,1.1481,0
0.74689,1.2382,0
0.77171,1.3283,0
0.79653,1.4184,0
0.82135,1.5085,0
0.84617,1.5986,0
0.871,1.6887,0
0.89583,1.7788,0
0.92066,1.8689,0
0.94549,1.959,0
0.97032,2.049,0
0.99516,2.1391,0
1.02,2.2292,0
1.0448,2.3193,0
1.0697,2.4094,0
1.0945,2.4995,0
1.1194,2.5895,0
1.1442,2.6796,0
1.1691,2.7697,0
1.194,2.8598,0
1.2188,2.9498,0
1.2437,3.0399,0
1.2686,3.13,0
1.2935,3.2201,0
1.3183,3.3102,0
1.3432,3.4002,0
1.3681,3.4903,0
1.393,3.5804,0
1.4179,3.6705,0
1.4429,3.7606,0
1.4678,3.8507,0
1.4927,3.9408,0
1.5177,4.0309,0
1.5427,4.121,0
1.5676,4.2111,0
1.5926,4.3013,0
1.6176,4.3914,0
1.6427,4.4816,0
1.6677,4.5718,0
1.6929,4.6621,0
1.718,4.7524,0
1.7434,4.8429,0
0.52279,0.3232,0
0.5532,0.41186,0
0.58356,0.50052,0
0.61392,0.58917,0
0.64428,0.67783,0
0.67464,0.76648,0
0.70501,0.85513,0
0.73537,0.94377,0
0.76574,1.0324,0
0.7961,1.1211,0
0.82647,1.2097,0
0.85684,1.2983,0
0.88721,1.387,0
0.91759,1.4756,0
0.94796,1.5642,0
0.97834,1.6528,0
1.0087,1.7415,0
1.0391,1.8301,0
1.0695,1.9187,0
1.0999,2.0073,0
1.1302,2.0959,0
1.1606,2.1845,0
1.191,2.2731,0
1.2214,2.3617,0
1.2518,2.4503,0
1.2822,2.5389,0
1.3126,2.6275,0
1.343,2.7162,0
1.3734,2.8048,0
1.4039,2.8934,0
1.4343,2.982,0
1.4647,3.0706,0
1.4951,3.1592,0
1.5256,3.2478,0
1.556,3.3364,0
1.5865,3.425,0
1.6169,3.5136,0
1.6474,3.6022,0
1.6778,3.6908,0
1.7083,3.7794,0
1.7388,3.868,0
1.7693,3.9567,0
1.7998,4.0453,0
1.8304,4.134,0
1.8609,4.2226,0
1.8915,4.3113,0
1.9221,4.4,0
1.9527,4.4887,0
1.9834,4.5774,0
2.0141,4.6662,0
2.0451,4.7553,0
0.54716,0.30897,0
0.58298,0.39578,0
0.61877,0.4826,0
0.65456,0.56942,0
0.69034,0.65624,0
0.72613,0.74305,0
0.76192,0.82987,0
0.79771,0.91667,0
0.8335,1.0035,0
0.86929,1.0903,0
0.90508,1.1771,0
0.94087,1.2639,0
0.97667,1.3507,0
1.0125,1.4375,0
1.0483,1.5242,0
1.0841,1.611,0
1.1199,1.6978,0
1.1557,1.7846,0
1.1915,1.8714,0
1.2273,1.9581,0
1.2631,2.0449,0
1.2989,2.1317,0
1.3347,2.2184,0
1.3705,2.3052,0
1.4063,2.392,0
1.4422,2.4787,0
1.478,2.5655,0
1.5138,2.6523,0
1.5496,2.739,0
1.5855,2.8258,0
1.6213,2.9126,0
1.6572,2.9993,0
1.693,3.0861,0
1.7289,3.1728,0
1.7647,3.2596,0
1.8006,3.3464,0
1.8365,3.4331,0
1.8724,3.5199,0
1.9083,3.6067,0
1.9442,3.6934,0
1.9801,3.7802,0
2.016,3.867,0
2.0519,3.9538,0
2.0879,4.0406,0
2.1239,4.1274,0
2.1598,4.2142,0
2.1959,4.301,0
2.2319,4.3879,0
2.268,4.4748,0
2.3042,4.5617,0
2.3406,4.6489,0
0.57177,0.2943,0
0.61287,0.37891,0
0.65393,0.46354,0
0.69499,0.54817,0
0.73605,0.63279,0
0.77712,0.71741,0
0.81818,0.80202,0
0.85924,0.88663,0
0.9003,0.97124,0
0.94137,1.0558,0
0.98243,1.1404,0
1.0235,1.225,0
1.0646,1.3096,0
1.1056,1.3942,0
1.1467,1.4788,0
1.1878,1.5634,0
1.2289,1.648,0
1.2699,1.7326,0
1.311,1.8172,0
1.3521,1.9017,0
1.3932,1.9863,0
1.4342,2.0709,0
1.4753,2.1555,0
1.5164,2.24,0
1.5575,2.3246,0
1.5986,2.4092,0
1.6397,2.4937,0
1.6808,2.5783,0
1.7219,2.6628,0
1.763,2.7474,0
1.8041,2.832,0
1.8452,2.9165,0
1.8864,3.0011,0
1.9275,3.0856,0
1.9686,3.1702,0
2.0098,3.2548,0
2.0509,3.3393,0
2.0921,3.4239,0
2.1332,3.5085,0
2.1744,3.593,0
2.2156,3.6776,0
2.2568,3.7622,0
2.298,3.8468,0
2.3392,3.9313,0
2.3804,4.0159,0
2.4217,4.1006,0
2.463,4.1852,0
2.5043,4.2698,0
2.5457,4.3545,0
2.5872,4.4392,0
2.6289,4.5241,0
0.59658,0.27924,0
0.64278,0.3613,0
0.68895,0.44339,0
0.73511,0.52547,0
0.78128,0.60754,0
0.82744,0.68962,0
0.87361,0.77169,0
0.91977,0.85375,0
0.96594,0.93581,0
1.0121,1.0179,0
1.0583,1.0999,0
1.1044,1.182,0
1.1506,1.264,0
1.1968,1.3461,0
1.243,1.4281,0
1.2891,1.5102,0
1.3353,1.5922,0
1.3815,1.6742,0
1.4276,1.7563,0
1.4738,1.8383,0
1.52,1.9203,0
1.5662,2.0024,0
1.6124,2.0844,0
1.6586,2.1664,0
1.7048,2.2484,0
1.7509,2.3304,0
1.7971,2.4125,0
1.8433,2.4945,0
1.8895,2.5765,0
1.9357,2.6585,0
1.982,2.7405,0
2.0282,2.8225,0
2.0744,2.9045,0
2.1206,2.9865,0
2.1669,3.0686,0
2.2131,3.1506,0
2.2593,3.2326,0
2.3056,3.3146,0
2.3519,3.3966,0
2.3981,3.4786,0
2.4444,3.5606,0
2.4907,3.6427,0
2.537,3.7247,0
2.5833,3.8067,0
2.6297,3.8888,0
2.6761,3.9708,0
2.7224,4.0529,0
2.7689,4.135,0
2.8154,4.2171,0
2.8619,4.2992,0
2.9088,4.3815,0
0.62154,0.26381,0
0.67266,0.34299,0
0.72373,0.42219,0
0.77481,0.50139,0
0.82588,0.58058,0
0.87696,0.65977,0
0.92803,0.73895,0
0.97911,0.81814,0
1.0302,0.89732,0
1.0813,0.97649,0
1.1323,1.0557,0
1.1834,1.1348,0
1.2345,1.214,0
1.2856,1.2932,0
1.3366,1.3723,0
1.3877,1.4515,0
1.4388,1.5306,0
1.4899,1.6098,0
1.541,1.6889,0
1.5921,1.7681,0
1.6431,1.8472,0
1.6942,1.9264,0
1.7453,2.0055,0
1.7964,2.0846,0
1.8475,2.1638,0
1.8986,2.2429,0
1.9497,2.322,0
2.0008,2.4012,0
2.0519,2.4803,0
2.103,2.5594,0
2.1542,2.6385,0
2.2053,2.7177,0
2.2564,2.7968,0
2.3075,2.8759,0
2.3587,2.955,0
2.4098,3.0341,0
2.461,3.1133,0
2.5121,3.1924,0
2.5633,3.2715,0
2.6145,3.3506,0
2.6657,3.4298,0
2.7169,3.5089,0
2.7681,3.588,0
2.8193,3.6672,0
2.8706,3.7463,0
2.9219,3.8255,0
2.9732,3.9046,0
3.0245,3.9838,0
3.0759,4.063,0
3.1274,4.1422,0
3.1791,4.2216,0
0.64661,0.24806,0
0.70242,0.32402,0
0.75819,0.40001,0
0.81396,0.476,0
0.86973,0.55198,0
0.9255,0.62796,0
0.98128,0.70393,0
1.037,0.77991,0
1.0928,0.85588,0
1.1486,0.93184,0
1.2044,1.0078,0
1.2601,1.0838,0
1.3159,1.1597,0
1.3717,1.2357,0
1.4275,1.3116,0
1.4832,1.3876,0
1.539,1.4635,0
1.5948,1.5394,0
1.6506,1.6154,0
1.7063,1.6913,0
1.7621,1.7673,0
1.8179,1.8432,0
1.8737,1.9191,0
1.9295,1.995,0
1.9853,2.071,0
2.0411,2.1469,0
2.0969,2.2228,0
2.1527,2.2987,0
2.2085,2.3746,0
2.2643,2.4505,0
2.3201,2.5264,0
2.3759,2.6023,0
2.4317,2.6783,0
2.4875,2.7542,0
2.5434,2.8301,0
2.5992,2.906,0
2.655,2.9819,0
2.7109,3.0578,0
2.7668,3.1337,0
2.8226,3.2096,0
2.8785,3.2855,0
2.9344,3.3614,0
2.9903,3.4373,0
3.0462,3.5132,0
3.1022,3.5892,0
3.1582,3.6651,0
3.2141,3.741,0
3.2702,3.817,0
3.3263,3.8929,0
3.3824,3.9689,0
3.4389,4.0451,0
0.67172,0.23202,0
0.73199,0.30445,0
0.79223,0.37692,0
0.85247,0.44938,0
0.9127,0.52184,0
0.97294,0.59429,0
1.0332,0.66674,0
1.0934,0.73919,0
1.1536,0.81164,0
1.2139,0.88408,0
1.2741,0.95651,0
1.3344,1.0289,0
1.3946,1.1014,0
1.4548,1.1738,0
1.5151,1.2462,0
1.5753,1.3187,0
1.6355,1.3911,0
1.6958,1.4635,0
1.756,1.5359,0
1.8163,1.6083,0
1.8765,1.6807,0
1.9367,1.7531,0
1.997,1.8255,0
2.0572,1.8979,0
2.1175,1.9703,0
2.1777,2.0427,0
2.238,2.1151,0
2.2983,2.1875,0
2.3585,2.2599,0
2.4188,2.3323,0
2.4791,2.4046,0
2.5393,2.477,0
2.5996,2.5494,0
2.6599,2.6218,0
2.7202,2.6942,0
2.7805,2.7665,0
2.8408,2.8389,0
2.9011,2.9113,0
2.9614,2.9837,0
3.0217,3.056,0
3.0821,3.1284,0
3.1424,3.2008,0
3.2028,3.2732,0
3.2632,3.3455,0
3.3236,3.4179,0
3.384,3.4903,0
3.4445,3.5627,0
3.505,3.6351,0
3.5655,3.7076,0
3.6262,3.78,0
3.6871,3.8526,0
0.69683,0.21572,0
0.76132,0.28433,0
0.82577,0.35298,0
0.89022,0.42161,0
0.95467,0.49025,0
1.0191,0.55888,0
1.0836,0.62751,0
1.148,0.69613,0
1.2125,0.76475,0
1.2769,0.83337,0
1.3414,0.90198,0
1.4058,0.97059,0
1.4703,1.0392,0
1.5347,1.1078,0
1.5991,1.1764,0
1.6636,1.245,0
1.728,1.3136,0
1.7925,1.3822,0
1.8569,1.4508,0
1.9214,1.5194,0
1.9858,1.5879,0
2.0503,1.6565,0
2.1148,1.7251,0
2.1792,1.7937,0
2.2437,1.8622,0
2.3081,1.9308,0
2.3726,1.9994,0
2.4371,2.0679,0
2.5015,2.1365,0
2.566,2.2051,0
2.6305,2.2736,0
2.695,2.3422,0
2.7595,2.4107,0
2.824,2.4793,0
2.8885,2.5478,0
2.953,2.6164,0
3.0175,2.6849,0
3.082,2.7535,0
3.1465,2.822,0
3.2111,2.8906,0
3.2756,2.9591,0
3.3402,3.0277,0
3.4047,3.0962,0
3.4693,3.1647,0
3.5339,3.2333,0
3.5986,3.3018,0
3.6633,3.3704,0
3.728,3.439,0
3.7927,3.5076,0
3.8576,3.5762,0
3.9227,3.6448,0
0.72189,0.19922,0
0.79032,0.26372,0
0.85872,0.32825,0
0.92711,0.39278,0
0.99551,0.45731,0
1.0639,0.52184,0
1.1323,0.58636,0
1.2007,0.65087,0
1.2691,0.71539,0
1.3375,0.7799,0
1.4059,0.8444,0
1.4742,0.90891,0
1.5426,0.97341,0
1.611,1.0379,0
1.6794,1.1024,0
1.7478,1.1669,0
1.8162,1.2314,0
1.8846,1.2959,0
1.953,1.3603,0
2.0214,1.4248,0
2.0898,1.4893,0
2.1582,1.5538,0
2.2266,1.6182,0
2.295,1.6827,0
2.3634,1.7472,0
2.4318,1.8116,0
2.5002,1.8761,0
2.5686,1.9405,0
2.637,2.005,0
2.7054,2.0694,0
2.7738,2.1339,0
2.8422,2.1983,0
2.9107,2.2628,0
2.9791,2.3272,0
3.0475,2.3917,0
3.116,2.4561,0
3.1844,2.5205,0
3.2529,2.585,0
3.3213,2.6494,0
3.3898,2.7138,0
3.4583,2.7783,0
3.5268,2.8427,0
3.5953,2.9071,0
3.6639,2.9715,0
3.7324,3.036,0
3.801,3.1004,0
3.8696,3.1648,0
3.9382,3.2293,0
4.0069,3.2937,0
4.0757,3.3582,0
4.1448,3.4227,0
0.74685,0.18254,0
0.81894,0.24267,0
0.89099,0.30283,0
0.96305,0.36298,0
1.0351,0.42314,0
1.1072,0.48329,0
1.1792,0.54343,0
1.2513,0.60358,0
1.3233,0.66371,0
1.3954,0.72385,0
1.4674,0.78398,0
1.5394,0.84411,0
1.6115,0.90424,0
1.6835,0.96436,0
1.7556,1.0245,0
1.8276,1.0846,0
1.8997,1.1447,0
1.9717,1.2048,0
2.0438,1.2649,0
2.1158,1.325,0
2.1879,1.3851,0
2.2599,1.4452,0
2.332,1.5053,0
2.404,1.5654,0
2.4761,1.6255,0
2.5481,1.6856,0
2.6202,1.7457,0
2.6923,1.8057,0
2.7643,1.8658,0
2.8364,1.9259,0
2.9085,1.986,0
2.9805,2.046,0
3.0526,2.1061,0
3.1247,2.1662,0
3.1968,2.2262,0
3.2689,2.2863,0
3.341,2.3463,0
3.4131,2.4064,0
3.4852,2.4665,0
3.5574,2.5265,0
3.6295,2.5866,0
3.7017,2.6466,0
3.7738,2.7066,0
3.846,2.7667,0
3.9182,2.8267,0
3.9904,2.8868,0
4.0627,2.9468,0
4.135,3.0069,0
4.2074,3.0669,0
4.2798,3.127,0
4.3526,3.1871,0
0.77166,0.16574,0
0.8471,0.22124,0
0.92251,0.27677,0
0.99793,0.33231,0
1.0733,0.38784,0
1.1487,0.44336,0
1.2242,0.49889,0
1.2996,0.55441,0
1.375,0.60992,0
1.4504,0.66543,0
1.5258,0.72094,0
1.6012,0.77645,0
1.6766,0.83195,0
1.752,0.88745,0
1.8274,0.94295,0
1.9028,0.99844,0
1.9782,1.0539,0
2.0536,1.1094,0
2.129,1.1649,0
2.2044,1.2204,0
2.2798,1.2759,0
2.3552,1.3313,0
2.4306,1.3868,0
2.506,1.4423,0
2.5814,1.4977,0
2.6569,1.5532,0
2.7323,1.6087,0
2.8077,1.6641,0
2.8831,1.7196,0
2.9585,1.775,0
3.034,1.8305,0
3.1094,1.8859,0
3.1848,1.9413,0
3.2603,1.9968,0
3.3357,2.0522,0
3.4111,2.1076,0
3.4866,2.1631,0
3.5621,2.2185,0
3.6375,2.2739,0
3.713,2.3293,0
3.7885,2.3848,0
3.864,2.4402,0
3.9395,2.4956,0
4.0151,2.551,0
4.0906,2.6064,0
4.1662,2.6618,0
4.2418,2.7172,0
4.3175,2.7727,0
4.3932,2.8281,0
4.469,2.8835,0
4.5451,2.9389,0
0.79626,0.14885,0
0.87474,0.19949,0
0.9532,0.25018,0
1.0317,0.30086,0
1.1101,0.35153,0
1.1886,0.4022,0
1.267,0.45287,0
1.3455,0.50354,0
1.4239,0.5542,0
1.5024,0.60486,0
1.5808,0.65552,0
1.6593,0.70617,0
1.7377,0.75682,0
1.8161,0.80746,0
1.8946,0.85811,0
1.973,0.90875,0
2.0515,0.95938,0
2.1299,1.01,0
2.2084,1.0606,0
2.2868,1.1113,0
2.3653,1.1619,0
2.4437,1.2125,0
2.5221,1.2631,0
2.6006,1.3137,0
2.679,1.3644,0
2.7575,1.415,0
2.8359,1.4656,0
2.9144,1.5162,0
2.9929,1.5668,0
3.0713,1.6174,0
3.1498,1.6679,0
3.2282,1.7185,0
3.3067,1.7691,0
3.3852,1.8197,0
3.4637,1.8703,0
3.5422,1.9209,0
3.6206,1.9714,0
3.6991,2.022,0
3.7777,2.0726,0
3.8562,2.1231,0
3.9347,2.1737,0
4.0132,2.2242,0
4.0918,2.2748,0
4.1704,2.3253,0
4.249,2.3759,0
4.3276,2.4264,0
4.4062,2.477,0
4.4849,2.5275,0
4.5636,2.5781,0
4.6425,2.6286,0
4.7216,2.6791,0
0.8206,0.13192,0
0.9018,0.1775,0
0.98297,0.22312,0
1.0641,0.26873,0
1.1453,0.31434,0
1.2265,0.35995,0
1.3076,0.40555,0
1.3888,0.45116,0
1.47,0.49675,0
1.5511,0.54235,0
1.6323,0.58794,0
1.7135,0.63353,0
1.7946,0.67911,0
1.8758,0.72469,0
1.9569,0.77027,0
2.0381,0.81585,0
2.1193,0.86142,0
2.2004,0.90699,0
2.2816,0.95255,0
2.3627,0.99811,0
2.4439,1.0437,0
2.525,1.0892,0
2.6062,1.1348,0
2.6874,1.1803,0
2.7685,1.2259,0
2.8497,1.2714,0
2.9308,1.317,0
3.012,1.3625,0
3.0932,1.408,0
3.1743,1.4536,0
3.2555,1.4991,0
3.3367,1.5446,0
3.4179,1.5901,0
3.4991,1.6356,0
3.5802,1.6811,0
3.6614,1.7266,0
3.7426,1.7722,0
3.8239,1.8177,0
3.9051,1.8631,0
3.9863,1.9086,0
4.0675,1.9541,0
4.1488,1.9996,0
4.23,2.0451,0
4.3113,2.0906,0
4.3926,2.136,0
4.4739,2.1815,0
4.5553,2.227,0
4.6367,2.2724,0
4.7181,2.3179,0
4.7997,2.3633,0
4.8815,2.4088,0
0.84464,0.115,0
0.92821,0.15532,0
1.0118,0.19569,0
1.0953,0.23604,0
1.1788,0.2764,0
1.2624,0.31675,0
1.3459,0.3571,0
1.4295,0.39745,0
1.513,0.43779,0
1.5966,0.47813,0
1.6801,0.51847,0
1.7636,0.5588,0
1.8472,0.59913,0
1.9307,0.63945,0
2.0142,0.67978,0
2.0978,0.7201,0
2.1813,0.76042,0
2.2648,0.80073,0
2.3483,0.84104,0
2.4319,0.88135,0
2.5154,0.92165,0
2.5989,0.96195,0
2.6825,1.0022,0
2.766,1.0425,0
2.8495,1.0828,0
2.9331,1.1231,0
3.0166,1.1634,0
3.1001,1.2037,0
3.1837,1.244,0
3.2672,1.2842,0
3.3508,1.3245,0
3.4343,1.3648,0
3.5179,1.405,0
3.6014,1.4453,0
3.685,1.4855,0
3.7685,1.5258,0
3.8521,1.566,0
3.9357,1.6063,0
4.0193,1.6465,0
4.1029,1.6867,0
4.1865,1.727,0
4.2701,1.7672,0
4.3537,1.8074,0
4.4374,1.8476,0
4.521,1.8878,0
4.6047,1.928,0
4.6884,1.9682,0
4.7722,2.0084,0
4.856,2.0486,0
4.9399,2.0888,0
5.0241,2.1289,0
0.86831,0.098139,0
0.9539,0.13303,0
1.0395,0.16797,0
1.125,0.2029,0
1.2106,0.23783,0
1.2962,0.27276,0
1.3818,0.30769,0
1.4673,0.34261,0
1.5529,0.37752,0
1.6385,0.41244,0
1.724,0.44735,0
1.8096,0.48226,0
1.8951,0.51717,0
1.9807,0.55207,0
2.0662,0.58697,0
2.1518,0.62186,0
2.2374,0.65676,0
2.3229,0.69165,0
2.4085,0.72653,0
2.494,0.76142,0
2.5796,0.79629,0
2.6651,0.83117,0
2.7507,0.86604,0
2.8362,0.90091,0
2.9218,0.93578,0
3.0073,0.97064,0
3.0929,1.0055,0
3.1785,1.0404,0
3.264,1.0752,0
3.3496,1.1101,0
3.4351,1.1449,0
3.5207,1.1797,0
3.6063,1.2146,0
3.6919,1.2494,0
3.7774,1.2842,0
3.863,1.3191,0
3.9486,1.3539,0
4.0342,1.3887,0
4.1198,1.4235,0
4.2054,1.4583,0
4.2911,1.4931,0
4.3767,1.5279,0
4.4623,1.5627,0
4.548,1.5975,0
4.6337,1.6322,0
4.7194,1.667,0
4.8051,1.7018,0
4.8909,1.7365,0
4.9767,1.7713,0
5.0626,1.806,0
5.1489,1.8406,0
0.89156,0.081379,0
0.97882,0.1107,0
1.0661,0.14006,0
1.1533,0.16942,0
1.2405,0.19878,0
1.3278,0.22814,0
1.415,0.25749,0
1.5023,0.28684,0
1.5895,0.31618,0
1.6767,0.34553,0
1.7639,0.37487,0
1.8512,0.4042,0
1.9384,0.43354,0
2.0256,0.46287,0
2.1128,0.49219,0
2.2001,0.52152,0
2.2873,0.55084,0
2.3745,0.58016,0
2.4617,0.60947,0
2.5489,0.63878,0
2.6362,0.66809,0
2.7234,0.6974,0
2.8106,0.7267,0
2.8978,0.75599,0
2.985,0.78529,0
3.0723,0.81458,0
3.1595,0.84387,0
3.2467,0.87315,0
3.3339,0.90243,0
3.4211,0.9317,0
3.5084,0.96097,0
3.5956,0.99024,0
3.6828,1.0195,0
3.7701,1.0488,0
3.8573,1.078,0
3.9446,1.1073,0
4.0318,1.1365,0
4.1191,1.1657,0
4.2063,1.195,0
4.2936,1.2242,0
4.3809,1.2534,0
4.4682,1.2827,0
4.5555,1.3119,0
4.6428,1.3411,0
4.7302,1.3703,0
4.8175,1.3994,0
4.9049,1.4286,0
4.9923,1.4578,0
5.0798,1.4869,0
5.1674,1.516,0
5.2553,1.5451,0
0.91434,0.064774,0
1.0029,0.088395,0
1.0914,0.11206,0
1.18,0.13572,0
1.2685,0.15938,0
1.3571,0.18304,0
1.4456,0.20669,0
1.5341,0.23035,0
1.6227,0.25399,0
1.7112,0.27764,0
1.7997,0.30128,0
1.8883,0.32492,0
1.9768,0.34856,0
2.0653,0.37219,0
2.1538,0.39582,0
2.2424,0.41945,0
2.3309,0.44307,0
2.4194,0.46669,0
2.5079,0.49031,0
2.5964,0.51393,0
2.685,0.53754,0
2.7735,0.56115,0
2.862,0.58475,0
2.9505,0.60835,0
3.039,0.63195,0
3.1275,0.65554,0
3.2161,0.67913,0
3.3046,0.70272,0
3.3931,0.7263,0
3.4816,0.74987,0
3.5702,0.77345,0
3.6587,0.79702,0
3.7472,0.82058,0
3.8357,0.84414,0
3.9243,0.8677,0
4.0128,0.89125,0
4.1014,0.91479,0
4.1899,0.93833,0
4.2785,0.96187,0
4.367,0.98539,0
4.4556,1.0089,0
4.5442,1.0324,0
4.6328,1.0559,0
4.7214,1.0794,0
4.8101,1.1029,0
4.8987,1.1264,0
4.9874,1.1499,0
5.0761,1.1733,0
5.1649,1.1968,0
5.2537,1.2202,0
5.3429,1.2434,0
0.9366,0.048375,0
1.0261,0.066195,0
1.1156,0.084059,0
1.205,0.10192,0
1.2945,0.11978,0
1.384,0.13764,0
1.4735,0.15549,0
1.5629,0.17334,0
1.6524,0.19119,0
1.7418,0.20904,0
1.8313,0.22688,0
1.9208,0.24472,0
2.0102,0.26256,0
2.0997,0.28039,0
2.1891,0.29822,0
2.2786,0.31605,0
2.368,0.33387,0
2.4575,0.35169,0
2.5469,0.36951,0
2.6364,0.38733,0
2.7258,0.40514,0
2.8152,0.42295,0
2.9047,0.44075,0
2.9941,0.45855,0
3.0836,0.47635,0
3.173,0.49415,0
3.2625,0.51194,0
3.3519,0.52972,0
3.4414,0.5475,0
3.5308,0.56528,0
3.6203,0.58305,0
3.7097,0.60082,0
3.7992,0.61859,0
3.8886,0.63635,0
3.9781,0.6541,0
4.0675,0.67185,0
4.157,0.68959,0
4.2465,0.70733,0
4.336,0.72506,0
4.4255,0.74279,0
4.515,0.7605,0
4.6045,0.77821,0
4.694,0.79592,0
4.7835,0.81361,0
4.8731,0.83129,0
4.9627,0.84896,0
5.0523,0.86662,0
5.1419,0.88425,0
5.2316,0.90187,0
5.3214,0.91945,0
5.4114,0.93691,0
0.95828,0.032236,0
1.0483,0.044174,0
1.1384,0.056158,0
1.2284,0.06814,0
1.3184,0.080119,0
1.4084,0.092096,0
1.4985,0.10407,0
1.5885,0.11604,0
1.6785,0.12801,0
1.7685,0.13998,0
1.8585,0.15194,0
1.9485,0.1639,0
2.0385,0.17586,0
2.1285,0.18781,0
2.2185,0.19976,0
2.3086,0.21171,0
2.3986,0.22365,0
2.4886,0.2356,0
2.5785,0.24754,0
2.6685,0.25947,0
2.7585,0.2714,0
2.8485,0.28333,0
2.9385,0.29525,0
3.0285,0.30717,0
3.1185,0.31909,0
3.2085,0.331,0
3.2985,0.34291,0
3.3885,0.35482,0
3.4785,0.36672,0
3.5685,0.37861,0
3.6585,0.3905,0
3.7485,0.40239,0
3.8385,0.41427,0
3.9285,0.42615,0
4.0185,0.43802,0
4.1085,0.44988,0
4.1986,0.46174,0
4.2886,0.47359,0
4.3786,0.48544,0
4.4686,0.49728,0
4.5587,0.50911,0
4.6487,0.52094,0
4.7388,0.53276,0
4.8289,0.54456,0
4.919,0.55636,0
5.0091,0.56815,0
5.0993,0.57992,0
5.1894,0.59167,0
5.2797,0.60341,0
5.37,0.61511,0
5.4606,0.62667,0
0.97933,0.01641,0
1.0695,0.022404,0
1.1598,0.028444,0
1.25,0.034484,0
1.3402,0.040521,0
1.4304,0.046555,0
1.5206,0.052587,0
1.6107,0.058615,0
1.7009,0.064639,0
1.7911,0.070659,0
1.8813,0.076675,0
1.9715,0.082686,0
2.0617,0.088692,0
2.1518,0.094693,0
2.242,0.10069,0
2.3322,0.10668,0
2.4223,0.11266,0
2.5125,0.11864,0
2.6027,0.12461,0
2.6928,0.13058,0
2.783,0.13654,0
2.8732,0.14249,0
2.9633,0.14844,0
3.0535,0.15438,0
3.1436,0.16031,0
3.2338,0.16624,0
3.324,0.17216,0
3.4141,0.17808,0
3.5043,0.18399,0
3.5945,0.1899,0
3.6846,0.1958,0
3.7748,0.20169,0
3.865,0.20759,0
3.9552,0.21347,0
4.0453,0.21936,0
4.1355,0.22524,0
4.2257,0.23112,0
4.3159,0.237,0
4.4061,0.24288,0
4.4963,0.24876,0
4.5865,0.25464,0
4.6768,0.26053,0
4.767,0.26641,0
4.8573,0.27231,0
4.9475,0.27821,0
5.0378,0.28412,0
5.1282,0.29005,0
5.2185,0.29599,0
5.3089,0.30194,0
5.3994,0.30793,0
5.4901,0.31395,0
1,0,0
1.0898,0.0001077,0
1.1797,0.00018677,0
1.2696,0.00021204,0
1.3594,0.00018509,0
1.4493,0.00010745,0
1.5392,-1.9342e-05,0
1.6291,-0.00019373,0
1.7189,-0.00041411,0
1.8088,-0.00067885,0
1.8987,-0.00098629,0
1.9886,-0.0013347,0
2.0785,-0.0017223,0
2.1685,-0.0021473,0
2.2584,-0.0026079,0
2.3483,-0.003102,0
2.4382,-0.0036276,0
2.5282,-0.0041828,0
2.6181,-0.0047652,0
2.708,-0.0053726,0
2.798,-0.0060025,0
2.8879,-0.0066526,0
2.9779,-0.00732,0
3.0679,-0.008002,0
3.1578,-0.0086956,0
3.2478,-0.0093976,0
3.3378,-0.010104,0
3.4278,-0.010813,0
3.5178,-0.011518,0
3.6078,-0.012217,0
3.6978,-0.012904,0
3.7878,-0.013574,0
3.8778,-0.014221,0
3.9678,-0.01484,0
4.0579,-0.015423,0
4.1479,-0.015962,0
4.2379,-0.016449,0
4.328,-0.016873,0
4.4181,-0.017223,0
4.5081,-0.017484,0
4.5982,-0.017641,0
4.6883,-0.017673,0
4.7784,-0.017557,0
4.8685,-0.017262,0
4.9586,-0.016749,0
5.0488,-0.015964,0
5.1389,-0.014835,0
5.2291,-0.013247,0
5.3193,-0.011013,0
5.4096,-0.0077517,0
5.5,0,0
