x,y
20.0,0.0
20.0,-0.2
20.0,-0.4
20.0,-0.6000000000000001
20.0,-0.8
20.0,-1.0
20.0,-1.2000000000000002
20.0,-1.4000000000000001
20.0,-1.6
20.0,-1.8
20.0,-2.0
20.0,-2.2
20.0,-2.4000000000000004
20.0,-2.6
20.0,-2.8000000000000003
20.0,-3.0
20.0,-3.2
20.0,-3.4000000000000004
20.0,-3.6
20.0,-3.8000000000000003
20.0,-4.0
20.0,-4.2
20.0,-4.4
20.0,-4.6000000000000005
20.0,-4.800000000000001
20.0,-5.0
20.0,-5.2
20.0,-5.4
20.0,-5.6000000000000005
20.0,-5.800000000000001
20.0,-6.0
20.0,-6.2
20.0,-6.4
20.0,-6.6000000000000005
20.0,-6.800000000000001
20.0,-7.0
20.0,-7.2
20.0,-7.4
20.0,-7.6000000000000005
20.0,-7.800000000000001
20.0,-8.0
20.0,-8.200000000000001
20.0,-8.4
20.0,-8.6
20.0,-8.8
20.0,-9.0
20.0,-9.200000000000001
20.0,-9.4
20.0,-9.600000000000001
20.0,-9.8
20.0,-10.0
18.016083639264817,0.0
0.5,0.0
0.5,0.0
0.5,0.0
0.5,0.0
0.5,0.0
0.5,0.0
0.5,0.0
0.5,0.0
0.5,0.0
0.5,0.0
0.5,0.0
0.5,0.0
0.5,0.0
0.5,0.0
0.5,0.0
0.5,0.0
0.5,0.0
0.5,0.0
0.5,0.0
0.5,0.0
0.5,0.0
0.5,0.0
0.5,0.0
0.5,0.0
0.5,0.0
0.5,0.0
0.5,0.0
0.5,0.0
0.5,0.0
0.5,0.0
0.5,0.0
0.5,0.0
0.5,0.0
0.5,0.0
0.5,0.0
0.5,0.0
0.5,0.0
0.5,0.0
0.5,0.0
0.5,0.0
0.5,0.0
0.5,0.0
0.5,0.0
0.5,0.0
0.5,0.0
0.5,0.0
0.5,0.0
0.5,0.0
0.5,0.0
18.016083639264817,-10.0
16.58738878752729,0.0
0.5,0.0
0.5,0.0
0.5,0.0
0.5,0.0
0.5,0.0
0.5,0.0
0.5,0.0
0.5,0.0
0.5,0.0
0.5,0.0
0.5,0.0
0.5,0.0
0.5,0.0
0.5,0.0
0.5,0.0
0.5,0.0
0.5,0.0
0.5,0.0
0.5,0.0
0.5,0.0
0.5,0.0
0.5,0.0
0.5,0.0
0.5,0.0
0.5,0.0
0.5,0.0
0.5,0.0
0.5,0.0
0.5,0.0
0.5,0.0
0.5,0.0
0.5,0.0
0.5,0.0
0.5,0.0
0.5,0.0
0.5,0.0
0.5,0.0
0.5,0.0
0.5,0.0
0.5,0.0
0.5,0.0
0.5,0.0
0.5,0.0
0.5,0.0
0.5,0.0
0.5,0.0
0.5,0.0
0.5,0.0
0.5,0.0
16.58738878752729,-10.0
15.470153301528509,0.0
0.5,0.0
0.5,0.0
0.5,0.0
0.5,0.0
0.5,0.0
0.5,0.0
0.5,0.0
0.5,0.0
0.5,0.0
0.5,0.0
0.5,0.0
0.5,0.0
0.5,0.0
0.5,0.0
0.5,0.0
0.5,0.0
0.5,0.0
0.5,0.0
0.5,0.0
0.5,0.0
0.5,0.0
0.5,0.0
0.5,0.0
0.5,0.0
0.5,0.0
0.5,0.0
0.5,0.0
0.5,0.0
0.5,0.0
0.5,0.0
0.5,0.0
0.5,0.0
0.5,0.0
0.5,0.0
0.5,0.0
0.5,0.0
0.5,0.0
0.5,0.0
0.5,0.0
0.5,0.0
0.5,0.0
0.5,0.0
0.5,0.0
0.5,0.0
0.5,0.0
0.5,0.0
0.5,0.0
0.5,0.0
0.5,0.0
15.470153301528509,-10.0
14.552590783048482,0.0
0.5,0.0
0.5,0.0
0.5,0.0
0.5,0.0
0.5,0.0
0.5,0.0
0.5,0.0
0.5,0.0
0.5,0.0
0.5,0.0
0.5,0.0
0.5,0.0
0.5,0.0
0.5,0.0
0.5,0.0
0.5,0.0
0.5,0.0
0.5,0.0
0.5,0.0
0.5,0.0
0.5,0.0
0.5,0.0
0.5,0.0
0.5,0.0
0.5,0.0
0.5,0.0
0.5,0.0
0.5,0.0
0.5,0.0
0.5,0.0
0.5,0.0
0.5,0.0
0.5,0.0
0.5,0.0
0.5,0.0
0.5,0.0
0.5,0.0
0.5,0.0
0.5,0.0
0.5,0.0
0.5,0.0
0.5,0.0
0.5,0.0
0.5,0.0
0.5,0.0
0.5,0.0
0.5,0.0
0.5,0.0
0.5,0.0
14.552590783048482,-10.0
13.774036289970516,0.0
0.5,0.0
0.5,0.0
0.5,0.0
0.5,0.0
0.5,0.0
0.5,0.0
0.5,0.0
0.5,0.0
0.5,0.0
0.5,0.0
0.5,0.0
0.5,0.0
0.5,0.0
0.5,0.0
0.5,0.0
0.5,0.0
0.5,0.0
0.5,0.0
0.5,0.0
0.5,0.0
0.5,0.0
0.5,0.0
0.5,0.0
0.5,0.0
0.5,0.0
0.5,0.0
0.5,0.0
0.5,0.0
0.5,0.0
0.5,0.0
0.5,0.0
0.5,0.0
0.5,0.0
0.5,0.0
0.5,0.0
0.5,0.0
0.5,0.0
0.5,0.0
0.5,0.0
0.5,0.0
0.5,0.0
0.5,0.0
0.5,0.0
0.5,0.0
0.5,0.0
0.5,0.0
0.5,0.0
0.5,0.0
0.5,0.0
13.774036289970516,-10.0
13.097860075872633,0.0
0.5,0.0
0.5,0.0
0.5,0.0
0.5,0.0
0.5,0.0
0.5,0.0
0.5,0.0
0.5,0.0
0.5,0.0
0.5,0.0
0.5,0.0
0.5,0.0
0.5,0.0
0.5,0.0
0.5,0.0
0.5,0.0
0.5,0.0
0.5,0.0
0.5,0.0
0.5,0.0
0.5,0.0
0.5,0.0
0.5,0.0
0.5,0.0
0.5,0.0
0.5,0.0
0.5,0.0
0.5,0.0
0.5,0.0
0.5,0.0
0.5,0.0
0.5,0.0
0.5,0.0
0.5,0.0
0.5,0.0
0.5,0.0
0.5,0.0
0.5,0.0
0.5,0.0
0.5,0.0
0.5,0.0
0.5,0.0
0.5,0.0
0.5,0.0
0.5,0.0
0.5,0.0
0.5,0.0
0.5,0.0
0.5,0.0
13.097860075872633,-10.0
12.500239522004525,0.0
0.5,0.0
0.5,0.0
0.5,0.0
0.5,0.0
0.5,0.0
0.5,0.0
0.5,0.0
0.5,0.0
0.5,0.0
0.5,0.0
0.5,0.0
0.5,0.0
0.5,0.0
0.5,0.0
0.5,0.0
0.5,0.0
0.5,0.0
0.5,0.0
0.5,0.0
0.5,0.0
0.5,0.0
0.5,0.0
0.5,0.0
0.5,0.0
0.5,0.0
0.5,0.0
0.5,0.0
0.5,0.0
0.5,0.0
0.5,0.0
0.5,0.0
0.5,0.0
0.5,0.0
0.5,0.0
0.5,0.0
0.5,0.0
0.5,0.0
0.5,0.0
0.5,0.0
0.5,0.0
0.5,0.0
0.5,0.0
0.5,0.0
0.5,0.0
0.5,0.0
0.5,0.0
0.5,0.0
0.5,0.0
0.5,0.0
12.500239522004525,-10.0
11.964807103704707,0.0
0.5,0.0
0.5,0.0
0.5,0.0
0.5,0.0
0.5,0.0
0.5,0.0
0.5,0.0
0.5,0.0
0.5,0.0
0.5,0.0
0.5,0.0
0.5,0.0
0.5,0.0
0.5,0.0
0.5,0.0
0.5,0.0
0.5,0.0
0.5,0.0
0.5,0.0
0.5,0.0
0.5,0.0
0.5,0.0
0.5,0.0
0.5,0.0
0.5,0.0
0.5,0.0
0.5,0.0
0.5,0.0
0.5,0.0
0.5,0.0
0.5,0.0
0.5,0.0
0.5,0.0
0.5,0.0
0.5,0.0
0.5,0.0
0.5,0.0
0.5,0.0
0.5,0.0
0.5,0.0
0.5,0.0
0.5,0.0
0.5,0.0
0.5,0.0
0.5,0.0
0.5,0.0
0.5,0.0
0.5,0.0
0.5,0.0
11.964807103704707,-10.0
11.479831479795063,0.0
0.5,0.0
0.5,0.0
0.5,0.0
0.5,0.0
0.5,0.0
0.5,0.0
0.5,0.0
0.5,0.0
0.5,0.0
0.5,0.0
0.5,0.0
0.5,0.0
0.5,0.0
0.5,0.0
0.5,0.0
0.5,0.0
0.5,0.0
0.5,0.0
0.5,0.0
0.5,0.0
0.5,0.0
0.5,0.0
0.5,0.0
0.5,0.0
0.5,0.0
0.5,0.0
0.5,0.0
0.5,0.0
0.5,0.0
0.5,0.0
0.5,0.0
0.5,0.0
0.5,0.0
0.5,0.0
0.5,0.0
0.5,0.0
0.5,0.0
0.5,0.0
0.5,0.0
0.5,0.0
0.5,0.0
0.5,0.0
0.5,0.0
0.5,0.0
0.5,0.0
0.5,0.0
0.5,0.0
0.5,0.0
0.5,0.0
11.479831479795063,-10.0
11.036616608239507,0.0
0.5,0.0
0.5,0.0
0.5,0.0
0.5,0.0
0.5,0.0
0.5,0.0
0.5,0.0
0.5,0.0
0.5,0.0
0.5,0.0
0.5,0.0
0.5,0.0
0.5,0.0
0.5,0.0
0.5,0.0
0.5,0.0
0.5,0.0
0.5,0.0
0.5,0.0
0.5,0.0
0.5,0.0
0.5,0.0
0.5,0.0
0.5,0.0
0.5,0.0
0.5,0.0
0.5,0.0
0.5,0.0
0.5,0.0
0.5,0.0
0.5,0.0
0.5,0.0
0.5,0.0
0.5,0.0
0.5,0.0
0.5,0.0
0.5,0.0
0.5,0.0
0.5,0.0
0.5,0.0
0.5,0.0
0.5,0.0
0.5,0.0
0.5,0.0
0.5,0.0
0.5,0.0
0.5,0.0
0.5,0.0
0.5,0.0
11.036616608239507,-10.0
10.62853726785198,0.0
0.5,0.0
0.5,0.0
0.5,0.0
0.5,0.0
0.5,0.0
0.5,0.0
0.5,0.0
0.5,0.0
0.5,0.0
0.5,0.0
0.5,0.0
0.5,0.0
0.5,0.0
0.5,0.0
0.5,0.0
0.5,0.0
0.5,0.0
0.5,0.0
0.5,0.0
0.5,0.0
0.5,0.0
0.5,0.0
0.5,0.0
0.5,0.0
0.5,0.0
0.5,0.0
0.5,0.0
0.5,0.0
0.5,0.0
0.5,0.0
0.5,0.0
0.5,0.0
0.5,0.0
0.5,0.0
0.5,0.0
0.5,0.0
0.5,0.0
0.5,0.0
0.5,0.0
0.5,0.0
0.5,0.0
0.5,0.0
0.5,0.0
0.5,0.0
0.5,0.0
0.5,0.0
0.5,0.0
0.5,0.0
0.5,0.0
10.62853726785198,-10.0
10.250429629609908,0.0
0.5,0.0
0.5,0.0
0.5,0.0
0.5,0.0
0.5,0.0
0.5,0.0
0.5,0.0
0.5,0.0
0.5,0.0
0.5,0.0
0.5,0.0
0.5,0.0
0.5,0.0
0.5,0.0
0.5,0.0
0.5,0.0
0.5,0.0
0.5,0.0
0.5,0.0
0.5,0.0
0.5,0.0
0.5,0.0
0.5,0.0
0.5,0.0
0.5,0.0
0.5,0.0
0.5,0.0
0.5,0.0
0.5,0.0
0.5,0.0
0.5,0.0
0.5,0.0
0.5,0.0
0.5,0.0
0.5,0.0
0.5,0.0
0.5,0.0
0.5,0.0
0.5,0.0
0.5,0.0
0.5,0.0
0.5,0.0
0.5,0.0
0.5,0.0
0.5,0.0
0.5,0.0
0.5,0.0
0.5,0.0
0.5,0.0
10.250429629609908,-10.0
9.898190733394125,0.0
0.5,0.0
0.5,0.0
0.5,0.0
0.5,0.0
0.5,0.0
0.5,0.0
0.5,0.0
0.5,0.0
0.5,0.0
0.5,0.0
0.5,0.0
0.5,0.0
0.5,0.0
0.5,0.0
0.5,0.0
0.5,0.0
0.5,0.0
0.5,0.0
0.5,0.0
0.5,0.0
0.5,0.0
0.5,0.0
0.5,0.0
0.5,0.0
0.5,0.0
0.5,0.0
0.5,0.0
0.5,0.0
0.5,0.0
0.5,0.0
0.5,0.0
0.5,0.0
0.5,0.0
0.5,0.0
0.5,0.0
0.5,0.0
0.5,0.0
0.5,0.0
0.5,0.0
0.5,0.0
0.5,0.0
0.5,0.0
0.5,0.0
0.5,0.0
0.5,0.0
0.5,0.0
0.5,0.0
0.5,0.0
0.5,0.0
9.898190733394125,-10.0
9.568506423743798,0.0
0.5,0.0
0.5,0.0
0.5,0.0
0.5,0.0
0.5,0.0
0.5,0.0
0.5,0.0
0.5,0.0
0.5,0.0
0.5,0.0
0.5,0.0
0.5,0.0
0.5,0.0
0.5,0.0
0.5,0.0
0.5,0.0
0.5,0.0
0.5,0.0
0.5,0.0
0.5,0.0
0.5,0.0
0.5,0.0
0.5,0.0
0.5,0.0
0.5,0.0
0.5,0.0
0.5,0.0
0.5,0.0
0.5,0.0
0.5,0.0
0.5,0.0
0.5,0.0
0.5,0.0
0.5,0.0
0.5,0.0
0.5,0.0
0.5,0.0
0.5,0.0
0.5,0.0
0.5,0.0
0.5,0.0
0.5,0.0
0.5,0.0
0.5,0.0
0.5,0.0
0.5,0.0
0.5,0.0
0.5,0.0
0.5,0.0
9.568506423743798,-10.0
9.25866127046474,0.0
0.5,0.0
0.5,0.0
0.5,0.0
0.5,0.0
0.5,0.0
0.5,0.0
0.5,0.0
0.5,0.0
0.5,0.0
0.5,0.0
0.5,0.0
0.5,0.0
0.5,0.0
0.5,0.0
0.5,0.0
0.5,0.0
0.5,0.0
0.5,0.0
0.5,0.0
0.5,0.0
0.5,0.0
0.5,0.0
0.5,0.0
0.5,0.0
0.5,0.0
0.5,0.0
0.5,0.0
0.5,0.0
0.5,0.0
0.5,0.0
0.5,0.0
0.5,0.0
0.5,0.0
0.5,0.0
0.5,0.0
0.5,0.0
0.5,0.0
0.5,0.0
0.5,0.0
0.5,0.0
0.5,0.0
0.5,0.0
0.5,0.0
0.5,0.0
0.5,0.0
0.5,0.0
0.5,0.0
0.5,0.0
0.5,0.0
9.25866127046474,-10.0
8.966402505100023,0.0
0.5,0.0
0.5,0.0
0.5,0.0
0.5,0.0
0.5,0.0
0.5,0.0
0.5,0.0
0.5,0.0
0.5,0.0
0.5,0.0
0.5,0.0
0.5,0.0
0.5,0.0
0.5,0.0
0.5,0.0
0.5,0.0
0.5,0.0
0.5,0.0
0.5,0.0
0.5,0.0
0.5,0.0
0.5,0.0
0.5,0.0
0.5,0.0
0.5,0.0
0.5,0.0
0.5,0.0
0.5,0.0
0.5,0.0
0.5,0.0
0.5,0.0
0.5,0.0
0.5,0.0
0.5,0.0
0.5,0.0
0.5,0.0
0.5,0.0
0.5,0.0
0.5,0.0
0.5,0.0
0.5,0.0
0.5,0.0
0.5,0.0
0.5,0.0
0.5,0.0
0.5,0.0
0.5,0.0
0.5,0.0
0.5,0.0
8.966402505100023,-10.0
8.689840539731701,0.0
0.5,0.0
0.5,0.0
0.5,0.0
0.5,0.0
0.5,0.0
0.5,0.0
0.5,0.0
0.5,0.0
0.5,0.0
0.5,0.0
0.5,0.0
0.5,0.0
0.5,0.0
0.5,0.0
0.5,0.0
0.5,0.0
0.5,0.0
0.5,0.0
0.5,0.0
0.5,0.0
0.5,0.0
0.5,0.0
0.5,0.0
0.5,0.0
0.5,0.0
0.5,0.0
0.5,0.0
0.5,0.0
0.5,0.0
0.5,0.0
0.5,0.0
0.5,0.0
0.5,0.0
0.5,0.0
0.5,0.0
0.5,0.0
0.5,0.0
0.5,0.0
0.5,0.0
0.5,0.0
0.5,0.0
0.5,0.0
0.5,0.0
0.5,0.0
0.5,0.0
0.5,0.0
0.5,0.0
0.5,0.0
0.5,0.0
8.689840539731701,-10.0
8.42737486525309,0.0
0.5,0.0
0.5,0.0
0.5,0.0
0.5,0.0
0.5,0.0
0.5,0.0
0.5,0.0
0.5,0.0
0.5,0.0
0.5,0.0
0.5,0.0
0.5,0.0
0.5,0.0
0.5,0.0
0.5,0.0
0.5,0.0
0.5,0.0
0.5,0.0
0.5,0.0
0.5,0.0
0.5,0.0
0.5,0.0
0.5,0.0
0.5,0.0
0.5,0.0
0.5,0.0
0.5,0.0
0.5,0.0
0.5,0.0
0.5,0.0
0.5,0.0
0.5,0.0
0.5,0.0
0.5,0.0
0.5,0.0
0.5,0.0
0.5,0.0
0.5,0.0
0.5,0.0
0.5,0.0
0.5,0.0
0.5,0.0
0.5,0.0
0.5,0.0
0.5,0.0
0.5,0.0
0.5,0.0
0.5,0.0
0.5,0.0
8.42737486525309,-10.0
8.17763793514365,0.0
0.5,0.0
0.5,0.0
0.5,0.0
0.5,0.0
0.5,0.0
0.5,0.0
0.5,0.0
0.5,0.0
0.5,0.0
0.5,0.0
0.5,0.0
0.5,0.0
0.5,0.0
0.5,0.0
0.5,0.0
0.5,0.0
0.5,0.0
0.5,0.0
0.5,0.0
0.5,0.0
0.5,0.0
0.5,0.0
0.5,0.0
0.5,0.0
0.5,0.0
0.5,0.0
0.5,0.0
0.5,0.0
0.5,0.0
0.5,0.0
0.5,0.0
0.5,0.0
0.5,0.0
0.5,0.0
0.5,0.0
0.5,0.0
0.5,0.0
0.5,0.0
0.5,0.0
0.5,0.0
0.5,0.0
0.5,0.0
0.5,0.0
0.5,0.0
0.5,0.0
0.5,0.0
0.5,0.0
0.5,0.0
0.5,0.0
8.17763793514365,-10.0
7.939452037980411,0.0
0.5,0.0
0.5,0.0
0.5,0.0
0.5,0.0
0.5,0.0
0.5,0.0
0.5,0.0
0.5,0.0
0.5,0.0
0.5,0.0
0.5,0.0
0.5,0.0
0.5,0.0
0.5,0.0
0.5,0.0
0.5,0.0
0.5,0.0
0.5,0.0
0.5,0.0
0.5,0.0
0.5,0.0
0.5,0.0
0.5,0.0
0.5,0.0
0.5,0.0
0.5,0.0
0.5,0.0
0.5,0.0
0.5,0.0
0.5,0.0
0.5,0.0
0.5,0.0
0.5,0.0
0.5,0.0
0.5,0.0
0.5,0.0
0.5,0.0
0.5,0.0
0.5,0.0
0.5,0.0
0.5,0.0
0.5,0.0
0.5,0.0
0.5,0.0
0.5,0.0
0.5,0.0
0.5,0.0
0.5,0.0
0.5,0.0
7.939452037980411,-10.0
7.71179571007624,0.0
0.5,0.0
0.5,0.0
0.5,0.0
0.5,0.0
0.5,0.0
0.5,0.0
0.5,0.0
0.5,0.0
0.5,0.0
0.5,0.0
0.5,0.0
0.5,0.0
0.5,0.0
0.5,0.0
0.5,0.0
0.5,0.0
0.5,0.0
0.5,0.0
0.5,0.0
0.5,0.0
0.5,0.0
0.5,0.0
0.5,0.0
0.5,0.0
0.5,0.0
0.5,0.0
0.5,0.0
0.5,0.0
0.5,0.0
0.5,0.0
0.5,0.0
0.5,0.0
0.5,0.0
0.5,0.0
0.5,0.0
0.5,0.0
0.5,0.0
0.5,0.0
0.5,0.0
0.5,0.0
0.5,0.0
0.5,0.0
0.5,0.0
0.5,0.0
0.5,0.0
0.5,0.0
0.5,0.0
0.5,0.0
0.5,0.0
7.71179571007624,-10.0
7.49377726275738,0.0
0.5,0.0
0.5,0.0
0.5,0.0
0.5,0.0
0.5,0.0
0.5,0.0
0.5,0.0
0.5,0.0
0.5,0.0
0.5,0.0
0.5,0.0
0.5,0.0
0.5,0.0
0.5,0.0
0.5,0.0
0.5,0.0
0.5,0.0
0.5,0.0
0.5,0.0
0.5,0.0
0.5,0.0
0.5,0.0
0.5,0.0
0.5,0.0
0.5,0.0
0.5,0.0
0.5,0.0
0.5,0.0
0.5,0.0
0.5,0.0
0.5,0.0
0.5,0.0
0.5,0.0
0.5,0.0
0.5,0.0
0.5,0.0
0.5,0.0
0.5,0.0
0.5,0.0
0.5,0.0
0.5,0.0
0.5,0.0
0.5,0.0
0.5,0.0
0.5,0.0
0.5,0.0
0.5,0.0
0.5,0.0
0.5,0.0
7.49377726275738,-10.0
7.284613689075124,0.0
0.5,0.0
0.5,0.0
0.5,0.0
0.5,0.0
0.5,0.0
0.5,0.0
0.5,0.0
0.5,0.0
0.5,0.0
0.5,0.0
0.5,0.0
0.5,0.0
0.5,0.0
0.5,0.0
0.5,0.0
0.5,0.0
0.5,0.0
0.5,0.0
0.5,0.0
0.5,0.0
0.5,0.0
0.5,0.0
0.5,0.0
0.5,0.0
0.5,0.0
0.5,0.0
0.5,0.0
0.5,0.0
0.5,0.0
0.5,0.0
0.5,0.0
0.5,0.0
0.5,0.0
0.5,0.0
0.5,0.0
0.5,0.0
0.5,0.0
0.5,0.0
0.5,0.0
0.5,0.0
0.5,0.0
0.5,0.0
0.5,0.0
0.5,0.0
0.5,0.0
0.5,0.0
0.5,0.0
0.5,0.0
0.5,0.0
7.284613689075124,-10.0
7.083613689257527,0.0
0.5,0.0
0.5,0.0
0.5,0.0
0.5,0.0
0.5,0.0
0.5,0.0
0.5,0.0
0.5,0.0
0.5,0.0
0.5,0.0
0.5,0.0
0.5,0.0
0.5,0.0
0.5,0.0
0.5,0.0
0.5,0.0
0.5,0.0
0.5,0.0
0.5,0.0
0.5,0.0
0.5,0.0
0.5,0.0
0.5,0.0
0.5,0.0
0.5,0.0
0.5,0.0
0.5,0.0
0.5,0.0
0.5,0.0
0.5,0.0
0.5,0.0
0.5,0.0
0.5,0.0
0.5,0.0
0.5,0.0
0.5,0.0
0.5,0.0
0.5,0.0
0.5,0.0
0.5,0.0
0.5,0.0
0.5,0.0
0.5,0.0
0.5,0.0
0.5,0.0
0.5,0.0
0.5,0.0
0.5,0.0
0.5,0.0
7.083613689257527,-10.0
6.890163885979452,0.0
0.5,0.0
0.5,0.0
0.5,0.0
0.5,0.0
0.5,0.0
0.5,0.0
0.5,0.0
0.5,0.0
0.5,0.0
0.5,0.0
0.5,0.0
0.5,0.0
0.5,0.0
0.5,0.0
0.5,0.0
0.5,0.0
0.5,0.0
0.5,0.0
0.5,0.0
0.5,0.0
0.5,0.0
0.5,0.0
0.5,0.0
0.5,0.0
0.5,0.0
0.5,0.0
0.5,0.0
0.5,0.0
0.5,0.0
0.5,0.0
0.5,0.0
0.5,0.0
0.5,0.0
0.5,0.0
0.5,0.0
0.5,0.0
0.5,0.0
0.5,0.0
0.5,0.0
0.5,0.0
0.5,0.0
0.5,0.0
0.5,0.0
0.5,0.0
0.5,0.0
0.5,0.0
0.5,0.0
0.5,0.0
0.5,0.0
6.890163885979452,-10.0
6.703717536122261,0.0
0.5,0.0
0.5,0.0
0.5,0.0
0.5,0.0
0.5,0.0
0.5,0.0
0.5,0.0
0.5,0.0
0.5,0.0
0.5,0.0
0.5,0.0
0.5,0.0
0.5,0.0
0.5,0.0
0.5,0.0
0.5,0.0
0.5,0.0
0.5,0.0
0.5,0.0
0.5,0.0
0.5,0.0
0.5,0.0
0.5,0.0
0.5,0.0
0.5,0.0
0.5,0.0
0.5,0.0
0.5,0.0
0.5,0.0
0.5,0.0
0.5,0.0
0.5,0.0
0.5,0.0
0.5,0.0
0.5,0.0
0.5,0.0
0.5,0.0
0.5,0.0
0.5,0.0
0.5,0.0
0.5,0.0
0.5,0.0
0.5,0.0
0.5,0.0
0.5,0.0
0.5,0.0
0.5,0.0
0.5,0.0
0.5,0.0
6.703717536122261,-10.0
6.523785215381547,0.0
0.5,0.0
0.5,0.0
0.5,0.0
0.5,0.0
0.5,0.0
0.5,0.0
0.5,0.0
0.5,0.0
0.5,0.0
0.5,0.0
0.5,0.0
0.5,0.0
0.5,0.0
0.5,0.0
0.5,0.0
0.5,0.0
0.5,0.0
0.5,0.0
0.5,0.0
0.5,0.0
0.5,0.0
0.5,0.0
0.5,0.0
0.5,0.0
0.5,0.0
0.5,0.0
0.5,0.0
0.5,0.0
0.5,0.0
0.5,0.0
0.5,0.0
0.5,0.0
0.5,0.0
0.5,0.0
0.5,0.0
0.5,0.0
0.5,0.0
0.5,0.0
0.5,0.0
0.5,0.0
0.5,0.0
0.5,0.0
0.5,0.0
0.5,0.0
0.5,0.0
0.5,0.0
0.5,0.0
0.5,0.0
0.5,0.0
6.523785215381547,-10.0
6.3499270759048425,0.0
0.5,0.0
0.5,0.0
0.5,0.0
0.5,0.0
0.5,0.0
0.5,0.0
0.5,0.0
0.5,0.0
0.5,0.0
0.5,0.0
0.5,0.0
0.5,0.0
0.5,0.0
0.5,0.0
0.5,0.0
0.5,0.0
0.5,0.0
0.5,0.0
0.5,0.0
0.5,0.0
0.5,0.0
0.5,0.0
0.5,0.0
0.5,0.0
0.5,0.0
0.5,0.0
0.5,0.0
0.5,0.0
0.5,0.0
0.5,0.0
0.5,0.0
0.5,0.0
0.5,0.0
0.5,0.0
0.5,0.0
0.5,0.0
0.5,0.0
0.5,0.0
0.5,0.0
0.5,0.0
0.5,0.0
0.5,0.0
0.5,0.0
0.5,0.0
0.5,0.0
0.5,0.0
0.5,0.0
0.5,0.0
0.5,0.0
6.3499270759048425,-10.0
6.181746368592594,0.0
0.5,0.0
0.5,0.0
0.5,0.0
0.5,0.0
0.5,0.0
0.5,0.0
0.5,0.0
0.5,0.0
0.5,0.0
0.5,0.0
0.5,0.0
0.5,0.0
0.5,0.0
0.5,0.0
0.5,0.0
0.5,0.0
0.5,0.0
0.5,0.0
0.5,0.0
0.5,0.0
0.5,0.0
0.5,0.0
0.5,0.0
0.5,0.0
0.5,0.0
0.5,0.0
0.5,0.0
0.5,0.0
0.5,0.0
0.5,0.0
0.5,0.0
0.5,0.0
0.5,0.0
0.5,0.0
0.5,0.0
0.5,0.0
0.5,0.0
0.5,0.0
0.5,0.0
0.5,0.0
0.5,0.0
0.5,0.0
0.5,0.0
0.5,0.0
0.5,0.0
0.5,0.0
0.5,0.0
0.5,0.0
0.5,0.0
6.181746368592594,-10.0
6.01888398999525,0.0
0.5,0.0
0.5,0.0
0.5,0.0
0.5,0.0
0.5,0.0
0.5,0.0
0.5,0.0
0.5,0.0
0.5,0.0
0.5,0.0
0.5,0.0
0.5,0.0
0.5,0.0
0.5,0.0
0.5,0.0
0.5,0.0
0.5,0.0
0.5,0.0
0.5,0.0
0.5,0.0
0.5,0.0
0.5,0.0
0.5,0.0
0.5,0.0
0.5,0.0
0.5,0.0
0.5,0.0
0.5,0.0
0.5,0.0
0.5,0.0
0.5,0.0
0.5,0.0
0.5,0.0
0.5,0.0
0.5,0.0
0.5,0.0
0.5,0.0
0.5,0.0
0.5,0.0
0.5,0.0
0.5,0.0
0.5,0.0
0.5,0.0
0.5,0.0
0.5,0.0
0.5,0.0
0.5,0.0
0.5,0.0
0.5,0.0
6.01888398999525,-10.0
5.8610138652792925,0.0
0.5,0.0
0.5,0.0
0.5,0.0
0.5,0.0
0.5,0.0
0.5,0.0
0.5,0.0
0.5,0.0
0.5,0.0
0.5,0.0
0.5,0.0
0.5,0.0
0.5,0.0
0.5,0.0
0.5,0.0
0.5,0.0
0.5,0.0
0.5,0.0
0.5,0.0
0.5,0.0
0.5,0.0
0.5,0.0
0.5,0.0
0.5,0.0
0.5,0.0
0.5,0.0
0.5,0.0
0.5,0.0
0.5,0.0
0.5,0.0
0.5,0.0
0.5,0.0
0.5,0.0
0.5,0.0
0.5,0.0
0.5,0.0
0.5,0.0
0.5,0.0
0.5,0.0
0.5,0.0
0.5,0.0
0.5,0.0
0.5,0.0
0.5,0.0
0.5,0.0
0.5,0.0
0.5,0.0
0.5,0.0
0.5,0.0
5.8610138652792925,-10.0
5.707839018004581,0.0
0.5,0.0
0.5,0.0
0.5,0.0
0.5,0.0
0.5,0.0
0.5,0.0
0.5,0.0
0.5,0.0
0.5,0.0
0.5,0.0
0.5,0.0
0.5,0.0
0.5,0.0
0.5,0.0
0.5,0.0
0.5,0.0
0.5,0.0
0.5,0.0
0.5,0.0
0.5,0.0
0.5,0.0
0.5,0.0
0.5,0.0
0.5,0.0
0.5,0.0
0.5,0.0
0.5,0.0
0.5,0.0
0.5,0.0
0.5,0.0
0.5,0.0
0.5,0.0
0.5,0.0
0.5,0.0
0.5,0.0
0.5,0.0
0.5,0.0
0.5,0.0
0.5,0.0
0.5,0.0
0.5,0.0
0.5,0.0
0.5,0.0
0.5,0.0
0.5,0.0
0.5,0.0
0.5,0.0
0.5,0.0
0.5,0.0
5.707839018004581,-10.0
5.559088207646121,0.0
0.5,0.0
0.5,0.0
0.5,0.0
0.5,0.0
0.5,0.0
0.5,0.0
0.5,0.0
0.5,0.0
0.5,0.0
0.5,0.0
0.5,0.0
0.5,0.0
0.5,0.0
0.5,0.0
0.5,0.0
0.5,0.0
0.5,0.0
0.5,0.0
0.5,0.0
0.5,0.0
0.5,0.0
0.5,0.0
0.5,0.0
0.5,0.0
0.5,0.0
0.5,0.0
0.5,0.0
0.5,0.0
0.5,0.0
0.5,0.0
0.5,0.0
0.5,0.0
0.5,0.0
0.5,0.0
0.5,0.0
0.5,0.0
0.5,0.0
0.5,0.0
0.5,0.0
0.5,0.0
0.5,0.0
0.5,0.0
0.5,0.0
0.5,0.0
0.5,0.0
0.5,0.0
0.5,0.0
0.5,0.0
0.5,0.0
5.559088207646121,-10.0
5.414513039200618,0.0
0.5,0.0
0.5,0.0
0.5,0.0
0.5,0.0
0.5,0.0
0.5,0.0
0.5,0.0
0.5,0.0
0.5,0.0
0.5,0.0
0.5,0.0
0.5,0.0
0.5,0.0
0.5,0.0
0.5,0.0
0.5,0.0
0.5,0.0
0.5,0.0
0.5,0.0
0.5,0.0
0.5,0.0
0.5,0.0
0.5,0.0
0.5,0.0
0.5,0.0
0.5,0.0
0.5,0.0
0.5,0.0
0.5,0.0
0.5,0.0
0.5,0.0
0.5,0.0
0.5,0.0
0.5,0.0
0.5,0.0
0.5,0.0
0.5,0.0
0.5,0.0
0.5,0.0
0.5,0.0
0.5,0.0
0.5,0.0
0.5,0.0
0.5,0.0
0.5,0.0
0.5,0.0
0.5,0.0
0.5,0.0
0.5,0.0
5.414513039200618,-10.0
5.273885467509676,0.0
0.5,0.0
0.5,0.0
0.5,0.0
0.5,0.0
0.5,0.0
0.5,0.0
0.5,0.0
0.5,0.0
0.5,0.0
0.5,0.0
0.5,0.0
0.5,0.0
0.5,0.0
0.5,0.0
0.5,0.0
0.5,0.0
0.5,0.0
0.5,0.0
0.5,0.0
0.5,0.0
0.5,0.0
0.5,0.0
0.5,0.0
0.5,0.0
0.5,0.0
0.5,0.0
0.5,0.0
0.5,0.0
0.5,0.0
0.5,0.0
0.5,0.0
0.5,0.0
0.5,0.0
0.5,0.0
0.5,0.0
0.5,0.0
0.5,0.0
0.5,0.0
0.5,0.0
0.5,0.0
0.5,0.0
0.5,0.0
0.5,0.0
0.5,0.0
0.5,0.0
0.5,0.0
0.5,0.0
0.5,0.0
0.5,0.0
5.273885467509676,-10.0
5.1369956333319235,0.0
0.5,0.0
0.5,0.0
0.5,0.0
0.5,0.0
0.5,0.0
0.5,0.0
0.5,0.0
0.5,0.0
0.5,0.0
0.5,0.0
0.5,0.0
0.5,0.0
0.5,0.0
0.5,0.0
0.5,0.0
0.5,0.0
0.5,0.0
0.5,0.0
0.5,0.0
0.5,0.0
0.5,0.0
0.5,0.0
0.5,0.0
0.5,0.0
0.5,0.0
0.5,0.0
0.5,0.0
0.5,0.0
0.5,0.0
0.5,0.0
0.5,0.0
0.5,0.0
0.5,0.0
0.5,0.0
0.5,0.0
0.5,0.0
0.5,0.0
0.5,0.0
0.5,0.0
0.5,0.0
0.5,0.0
0.5,0.0
0.5,0.0
0.5,0.0
0.5,0.0
0.5,0.0
0.5,0.0
0.5,0.0
0.5,0.0
5.1369956333319235,-10.0
5.003649979612574,0.0
0.5,0.0
0.5,0.0
0.5,0.0
0.5,0.0
0.5,0.0
0.5,0.0
0.5,0.0
0.5,0.0
0.5,0.0
0.5,0.0
0.5,0.0
0.5,0.0
0.5,0.0
0.5,0.0
0.5,0.0
0.5,0.0
0.5,0.0
0.5,0.0
0.5,0.0
0.5,0.0
0.5,0.0
0.5,0.0
0.5,0.0
0.5,0.0
0.5,0.0
0.5,0.0
0.5,0.0
0.5,0.0
0.5,0.0
0.5,0.0
0.5,0.0
0.5,0.0
0.5,0.0
0.5,0.0
0.5,0.0
0.5,0.0
0.5,0.0
0.5,0.0
0.5,0.0
0.5,0.0
0.5,0.0
0.5,0.0
0.5,0.0
0.5,0.0
0.5,0.0
0.5,0.0
0.5,0.0
0.5,0.0
0.5,0.0
5.003649979612574,-10.0
4.873669605509419,0.0
0.5,0.0
0.5,0.0
0.5,0.0
0.5,0.0
0.5,0.0
0.5,0.0
0.5,0.0
0.5,0.0
0.5,0.0
0.5,0.0
0.5,0.0
0.5,0.0
0.5,0.0
0.5,0.0
0.5,0.0
0.5,0.0
0.5,0.0
0.5,0.0
0.5,0.0
0.5,0.0
0.5,0.0
0.5,0.0
0.5,0.0
0.5,0.0
0.5,0.0
0.5,0.0
0.5,0.0
0.5,0.0
0.5,0.0
0.5,0.0
0.5,0.0
0.5,0.0
0.5,0.0
0.5,0.0
0.5,0.0
0.5,0.0
0.5,0.0
0.5,0.0
0.5,0.0
0.5,0.0
0.5,0.0
0.5,0.0
0.5,0.0
0.5,0.0
0.5,0.0
0.5,0.0
0.5,0.0
0.5,0.0
0.5,0.0
4.873669605509419,-10.0
4.746888823049761,0.0
0.5,0.0
0.5,0.0
0.5,0.0
0.5,0.0
0.5,0.0
0.5,0.0
0.5,0.0
0.5,0.0
0.5,0.0
0.5,0.0
0.5,0.0
0.5,0.0
0.5,0.0
0.5,0.0
0.5,0.0
0.5,0.0
0.5,0.0
0.5,0.0
0.5,0.0
0.5,0.0
0.5,0.0
0.5,0.0
0.5,0.0
0.5,0.0
0.5,0.0
0.5,0.0
0.5,0.0
0.5,0.0
0.5,0.0
0.5,0.0
0.5,0.0
0.5,0.0
0.5,0.0
0.5,0.0
0.5,0.0
0.5,0.0
0.5,0.0
0.5,0.0
0.5,0.0
0.5,0.0
0.5,0.0
0.5,0.0
0.5,0.0
0.5,0.0
0.5,0.0
0.5,0.0
0.5,0.0
0.5,0.0
0.5,0.0
4.746888823049761,-10.0
4.62315388720188,0.0
0.5,0.0
0.5,0.0
0.5,0.0
0.5,0.0
0.5,0.0
0.5,0.0
0.5,0.0
0.5,0.0
0.5,0.0
0.5,0.0
0.5,0.0
0.5,0.0
0.5,0.0
0.5,0.0
0.5,0.0
0.5,0.0
0.5,0.0
0.5,0.0
0.5,0.0
0.5,0.0
0.5,0.0
0.5,0.0
0.5,0.0
0.5,0.0
0.5,0.0
0.5,0.0
0.5,0.0
0.5,0.0
0.5,0.0
0.5,0.0
0.5,0.0
0.5,0.0
0.5,0.0
0.5,0.0
0.5,0.0
0.5,0.0
0.5,0.0
0.5,0.0
0.5,0.0
0.5,0.0
0.5,0.0
0.5,0.0
0.5,0.0
0.5,0.0
0.5,0.0
0.5,0.0
0.5,0.0
0.5,0.0
0.5,0.0
4.62315388720188,-10.0
4.502321874944123,0.0
0.5,0.0
0.5,0.0
0.5,0.0
0.5,0.0
0.5,0.0
0.5,0.0
0.5,0.0
0.5,0.0
0.5,0.0
0.5,0.0
0.5,0.0
0.5,0.0
0.5,0.0
0.5,0.0
0.5,0.0
0.5,0.0
0.5,0.0
0.5,0.0
0.5,0.0
0.5,0.0
0.5,0.0
0.5,0.0
0.5,0.0
0.5,0.0
0.5,0.0
0.5,0.0
0.5,0.0
0.5,0.0
0.5,0.0
0.5,0.0
0.5,0.0
0.5,0.0
0.5,0.0
0.5,0.0
0.5,0.0
0.5,0.0
0.5,0.0
0.5,0.0
0.5,0.0
0.5,0.0
0.5,0.0
0.5,0.0
0.5,0.0
0.5,0.0
0.5,0.0
0.5,0.0
0.5,0.0
0.5,0.0
0.5,0.0
4.502321874944123,-10.0
4.384259692833897,0.0
0.5,0.0
0.5,0.0
0.5,0.0
0.5,0.0
0.5,0.0
0.5,0.0
0.5,0.0
0.5,0.0
0.5,0.0
0.5,0.0
0.5,0.0
0.5,0.0
0.5,0.0
0.5,0.0
0.5,0.0
0.5,0.0
0.5,0.0
0.5,0.0
0.5,0.0
0.5,0.0
0.5,0.0
0.5,0.0
0.5,0.0
0.5,0.0
0.5,0.0
0.5,0.0
0.5,0.0
0.5,0.0
0.5,0.0
0.5,0.0
0.5,0.0
0.5,0.0
0.5,0.0
0.5,0.0
0.5,0.0
0.5,0.0
0.5,0.0
0.5,0.0
0.5,0.0
0.5,0.0
0.5,0.0
0.5,0.0
0.5,0.0
0.5,0.0
0.5,0.0
0.5,0.0
0.5,0.0
0.5,0.0
0.5,0.0
4.384259692833897,-10.0
4.268843195795022,0.0
0.5,0.0
0.5,0.0
0.5,0.0
0.5,0.0
0.5,0.0
0.5,0.0
0.5,0.0
0.5,0.0
0.5,0.0
0.5,0.0
0.5,0.0
0.5,0.0
0.5,0.0
0.5,0.0
0.5,0.0
0.5,0.0
0.5,0.0
0.5,0.0
0.5,0.0
0.5,0.0
0.5,0.0
0.5,0.0
0.5,0.0
0.5,0.0
0.5,0.0
0.5,0.0
0.5,0.0
0.5,0.0
0.5,0.0
0.5,0.0
0.5,0.0
0.5,0.0
0.5,0.0
0.5,0.0
0.5,0.0
0.5,0.0
0.5,0.0
0.5,0.0
0.5,0.0
0.5,0.0
0.5,0.0
0.5,0.0
0.5,0.0
0.5,0.0
0.5,0.0
0.5,0.0
0.5,0.0
0.5,0.0
0.5,0.0
4.268843195795022,-10.0
4.155956402494155,0.0
0.5,0.0
0.5,0.0
0.5,0.0
0.5,0.0
0.5,0.0
0.5,0.0
0.5,0.0
0.5,0.0
0.5,0.0
0.5,0.0
0.5,0.0
0.5,0.0
0.5,0.0
0.5,0.0
0.5,0.0
0.5,0.0
0.5,0.0
0.5,0.0
0.5,0.0
0.5,0.0
0.5,0.0
0.5,0.0
0.5,0.0
0.5,0.0
0.5,0.0
0.5,0.0
0.5,0.0
0.5,0.0
0.5,0.0
0.5,0.0
0.5,0.0
0.5,0.0
0.5,0.0
0.5,0.0
0.5,0.0
0.5,0.0
0.5,0.0
0.5,0.0
0.5,0.0
0.5,0.0
0.5,0.0
0.5,0.0
0.5,0.0
0.5,0.0
0.5,0.0
0.5,0.0
0.5,0.0
0.5,0.0
0.5,0.0
4.155956402494155,-10.0
4.045490794873814,0.0
0.5,0.0
0.5,0.0
0.5,0.0
0.5,0.0
0.5,0.0
0.5,0.0
0.5,0.0
0.5,0.0
0.5,0.0
0.5,0.0
0.5,0.0
0.5,0.0
0.5,0.0
0.5,0.0
0.5,0.0
0.5,0.0
0.5,0.0
0.5,0.0
0.5,0.0
0.5,0.0
0.5,0.0
0.5,0.0
0.5,0.0
0.5,0.0
0.5,0.0
0.5,0.0
0.5,0.0
0.5,0.0
0.5,0.0
0.5,0.0
0.5,0.0
0.5,0.0
0.5,0.0
0.5,0.0
0.5,0.0
0.5,0.0
0.5,0.0
0.5,0.0
0.5,0.0
0.5,0.0
0.5,0.0
0.5,0.0
0.5,0.0
0.5,0.0
0.5,0.0
0.5,0.0
0.5,0.0
0.5,0.0
0.5,0.0
4.045490794873814,-10.0
3.9373446912374517,0.0
0.5,0.0
0.5,0.0
0.5,0.0
0.5,0.0
0.5,0.0
0.5,0.0
0.5,0.0
0.5,0.0
0.5,0.0
0.5,0.0
0.5,0.0
0.5,0.0
0.5,0.0
0.5,0.0
0.5,0.0
0.5,0.0
0.5,0.0
0.5,0.0
0.5,0.0
0.5,0.0
0.5,0.0
0.5,0.0
0.5,0.0
0.5,0.0
0.5,0.0
0.5,0.0
0.5,0.0
0.5,0.0
0.5,0.0
0.5,0.0
0.5,0.0
0.5,0.0
0.5,0.0
0.5,0.0
0.5,0.0
0.5,0.0
0.5,0.0
0.5,0.0
0.5,0.0
0.5,0.0
0.5,0.0
0.5,0.0
0.5,0.0
0.5,0.0
0.5,0.0
0.5,0.0
0.5,0.0
0.5,0.0
0.5,0.0
3.9373446912374517,-10.0
3.8314226838089134,0.0
0.5,0.0
0.5,0.0
0.5,0.0
0.5,0.0
0.5,0.0
0.5,0.0
0.5,0.0
0.5,0.0
0.5,0.0
0.5,0.0
0.5,0.0
0.5,0.0
0.5,0.0
0.5,0.0
0.5,0.0
0.5,0.0
0.5,0.0
0.5,0.0
0.5,0.0
0.5,0.0
0.5,0.0
0.5,0.0
0.5,0.0
0.5,0.0
0.5,0.0
0.5,0.0
0.5,0.0
0.5,0.0
0.5,0.0
0.5,0.0
0.5,0.0
0.5,0.0
0.5,0.0
0.5,0.0
0.5,0.0
0.5,0.0
0.5,0.0
0.5,0.0
0.5,0.0
0.5,0.0
0.5,0.0
0.5,0.0
0.5,0.0
0.5,0.0
0.5,0.0
0.5,0.0
0.5,0.0
0.5,0.0
0.5,0.0
3.8314226838089134,-10.0
3.7276351329694375,0.0
0.5,0.0
0.5,0.0
0.5,0.0
0.5,0.0
0.5,0.0
0.5,0.0
0.5,0.0
0.5,0.0
0.5,0.0
0.5,0.0
0.5,0.0
0.5,0.0
0.5,0.0
0.5,0.0
0.5,0.0
0.5,0.0
0.5,0.0
0.5,0.0
0.5,0.0
0.5,0.0
0.5,0.0
0.5,0.0
0.5,0.0
0.5,0.0
0.5,0.0
0.5,0.0
0.5,0.0
0.5,0.0
0.5,0.0
0.5,0.0
0.5,0.0
0.5,0.0
0.5,0.0
0.5,0.0
0.5,0.0
0.5,0.0
0.5,0.0
0.5,0.0
0.5,0.0
0.5,0.0
0.5,0.0
0.5,0.0
0.5,0.0
0.5,0.0
0.5,0.0
0.5,0.0
0.5,0.0
0.5,0.0
0.5,0.0
3.7276351329694375,-10.0
3.625897711453674,0.0
0.5,0.0
0.5,0.0
0.5,0.0
0.5,0.0
0.5,0.0
0.5,0.0
0.5,0.0
0.5,0.0
0.5,0.0
0.5,0.0
0.5,0.0
0.5,0.0
0.5,0.0
0.5,0.0
0.5,0.0
0.5,0.0
0.5,0.0
0.5,0.0
0.5,0.0
0.5,0.0
0.5,0.0
0.5,0.0
0.5,0.0
0.5,0.0
0.5,0.0
0.5,0.0
0.5,0.0
0.5,0.0
0.5,0.0
0.5,0.0
0.5,0.0
0.5,0.0
0.5,0.0
0.5,0.0
0.5,0.0
0.5,0.0
0.5,0.0
0.5,0.0
0.5,0.0
0.5,0.0
0.5,0.0
0.5,0.0
0.5,0.0
0.5,0.0
0.5,0.0
0.5,0.0
0.5,0.0
0.5,0.0
0.5,0.0
3.625897711453674,-10.0
3.526130992697314,0.0
0.5,0.0
0.5,0.0
0.5,0.0
0.5,0.0
0.5,0.0
0.5,0.0
0.5,0.0
0.5,0.0
0.5,0.0
0.5,0.0
0.5,0.0
0.5,0.0
0.5,0.0
0.5,0.0
0.5,0.0
0.5,0.0
0.5,0.0
0.5,0.0
0.5,0.0
0.5,0.0
0.5,0.0
0.5,0.0
0.5,0.0
0.5,0.0
0.5,0.0
0.5,0.0
0.5,0.0
0.5,0.0
0.5,0.0
0.5,0.0
0.5,0.0
0.5,0.0
0.5,0.0
0.5,0.0
0.5,0.0
0.5,0.0
0.5,0.0
0.5,0.0
0.5,0.0
0.5,0.0
0.5,0.0
0.5,0.0
0.5,0.0
0.5,0.0
0.5,0.0
0.5,0.0
0.5,0.0
0.5,0.0
0.5,0.0
3.526130992697314,-10.0
3.4282600783016486,0.0
0.5,0.0
0.5,0.0
0.5,0.0
0.5,0.0
0.5,0.0
0.5,0.0
0.5,0.0
0.5,0.0
0.5,0.0
0.5,0.0
0.5,0.0
0.5,0.0
0.5,0.0
0.5,0.0
0.5,0.0
0.5,0.0
0.5,0.0
0.5,0.0
0.5,0.0
0.5,0.0
0.5,0.0
0.5,0.0
0.5,0.0
0.5,0.0
0.5,0.0
0.5,0.0
0.5,0.0
0.5,0.0
0.5,0.0
0.5,0.0
0.5,0.0
0.5,0.0
0.5,0.0
0.5,0.0
0.5,0.0
0.5,0.0
0.5,0.0
0.5,0.0
0.5,0.0
0.5,0.0
0.5,0.0
0.5,0.0
0.5,0.0
0.5,0.0
0.5,0.0
0.5,0.0
0.5,0.0
0.5,0.0
0.5,0.0
3.4282600783016486,-10.0
3.3322142602376115,0.0
0.5,0.0
0.5,0.0
0.5,0.0
0.5,0.0
0.5,0.0
0.5,0.0
0.5,0.0
0.5,0.0
0.5,0.0
0.5,0.0
0.5,0.0
0.5,0.0
0.5,0.0
0.5,0.0
0.5,0.0
0.5,0.0
0.5,0.0
0.5,0.0
0.5,0.0
0.5,0.0
0.5,0.0
0.5,0.0
0.5,0.0
0.5,0.0
0.5,0.0
0.5,0.0
0.5,0.0
0.5,0.0
0.5,0.0
0.5,0.0
0.5,0.0
0.5,0.0
0.5,0.0
0.5,0.0
0.5,0.0
0.5,0.0
0.5,0.0
0.5,0.0
0.5,0.0
0.5,0.0
0.5,0.0
0.5,0.0
0.5,0.0
0.5,0.0
0.5,0.0
0.5,0.0
0.5,0.0
0.5,0.0
0.5,0.0
3.3322142602376115,-10.0
3.237926713972992,0.0
0.5,0.0
0.5,0.0
0.5,0.0
0.5,0.0
0.5,0.0
0.5,0.0
0.5,0.0
0.5,0.0
0.5,0.0
0.5,0.0
0.5,0.0
0.5,0.0
0.5,0.0
0.5,0.0
0.5,0.0
0.5,0.0
0.5,0.0
0.5,0.0
0.5,0.0
0.5,0.0
0.5,0.0
0.5,0.0
0.5,0.0
0.5,0.0
0.5,0.0
0.5,0.0
0.5,0.0
0.5,0.0
0.5,0.0
0.5,0.0
0.5,0.0
0.5,0.0
0.5,0.0
0.5,0.0
0.5,0.0
0.5,0.0
0.5,0.0
0.5,0.0
0.5,0.0
0.5,0.0
0.5,0.0
0.5,0.0
0.5,0.0
0.5,0.0
0.5,0.0
0.5,0.0
0.5,0.0
0.5,0.0
0.5,0.0
3.237926713972992,-10.0
3.1453342191868012,0.0
0.5,0.0
0.5,0.0
0.5,0.0
0.5,0.0
0.5,0.0
0.5,0.0
0.5,0.0
0.5,0.0
0.5,0.0
0.5,0.0
0.5,0.0
0.5,0.0
0.5,0.0
0.5,0.0
0.5,0.0
0.5,0.0
0.5,0.0
0.5,0.0
0.5,0.0
0.5,0.0
0.5,0.0
0.5,0.0
0.5,0.0
0.5,0.0
0.5,0.0
0.5,0.0
0.5,0.0
0.5,0.0
0.5,0.0
0.5,0.0
0.5,0.0
0.5,0.0
0.5,0.0
0.5,0.0
0.5,0.0
0.5,0.0
0.5,0.0
0.5,0.0
0.5,0.0
0.5,0.0
0.5,0.0
0.5,0.0
0.5,0.0
0.5,0.0
0.5,0.0
0.5,0.0
0.5,0.0
0.5,0.0
0.5,0.0
3.1453342191868012,-10.0
3.054376905147241,0.0
0.5,0.0
0.5,0.0
0.5,0.0
0.5,0.0
0.5,0.0
0.5,0.0
0.5,0.0
0.5,0.0
0.5,0.0
0.5,0.0
0.5,0.0
0.5,0.0
0.5,0.0
0.5,0.0
0.5,0.0
0.5,0.0
0.5,0.0
0.5,0.0
0.5,0.0
0.5,0.0
0.5,0.0
0.5,0.0
0.5,0.0
0.5,0.0
0.5,0.0
0.5,0.0
0.5,0.0
0.5,0.0
0.5,0.0
0.5,0.0
0.5,0.0
0.5,0.0
0.5,0.0
0.5,0.0
0.5,0.0
0.5,0.0
0.5,0.0
0.5,0.0
0.5,0.0
0.5,0.0
0.5,0.0
0.5,0.0
0.5,0.0
0.5,0.0
0.5,0.0
0.5,0.0
0.5,0.0
0.5,0.0
0.5,0.0
3.054376905147241,-10.0
2.96499801818496,0.0
0.5,0.0
0.5,0.0
0.5,0.0
0.5,0.0
0.5,0.0
0.5,0.0
0.5,0.0
0.5,0.0
0.5,0.0
0.5,0.0
0.5,0.0
0.5,0.0
0.5,0.0
0.5,0.0
0.5,0.0
0.5,0.0
0.5,0.0
0.5,0.0
0.5,0.0
0.5,0.0
0.5,0.0
0.5,0.0
0.5,0.0
0.5,0.0
0.5,0.0
0.5,0.0
0.5,0.0
0.5,0.0
0.5,0.0
0.5,0.0
0.5,0.0
0.5,0.0
0.5,0.0
0.5,0.0
0.5,0.0
0.5,0.0
0.5,0.0
0.5,0.0
0.5,0.0
0.5,0.0
0.5,0.0
0.5,0.0
0.5,0.0
0.5,0.0
0.5,0.0
0.5,0.0
0.5,0.0
0.5,0.0
0.5,0.0
2.96499801818496,-10.0
2.877143708999929,0.0
0.5,0.0
0.5,0.0
0.5,0.0
0.5,0.0
0.5,0.0
0.5,0.0
0.5,0.0
0.5,0.0
0.5,0.0
0.5,0.0
0.5,0.0
0.5,0.0
0.5,0.0
0.5,0.0
0.5,0.0
0.5,0.0
0.5,0.0
0.5,0.0
0.5,0.0
0.5,0.0
0.5,0.0
0.5,0.0
0.5,0.0
0.5,0.0
0.5,0.0
0.5,0.0
0.5,0.0
0.5,0.0
0.5,0.0
0.5,0.0
0.5,0.0
0.5,0.0
0.5,0.0
0.5,0.0
0.5,0.0
0.5,0.0
0.5,0.0
0.5,0.0
0.5,0.0
0.5,0.0
0.5,0.0
0.5,0.0
0.5,0.0
0.5,0.0
0.5,0.0
0.5,0.0
0.5,0.0
0.5,0.0
0.5,0.0
2.877143708999929,-10.0
2.7907628378058953,0.0
0.5,0.0
0.5,0.0
0.5,0.0
0.5,0.0
0.5,0.0
0.5,0.0
0.5,0.0
0.5,0.0
0.5,0.0
0.5,0.0
0.5,0.0
0.5,0.0
0.5,0.0
0.5,0.0
0.5,0.0
0.5,0.0
0.5,0.0
0.5,0.0
0.5,0.0
0.5,0.0
0.5,0.0
0.5,0.0
0.5,0.0
0.5,0.0
0.5,0.0
0.5,0.0
0.5,0.0
0.5,0.0
0.5,0.0
0.5,0.0
0.5,0.0
0.5,0.0
0.5,0.0
0.5,0.0
0.5,0.0
0.5,0.0
0.5,0.0
0.5,0.0
0.5,0.0
0.5,0.0
0.5,0.0
0.5,0.0
0.5,0.0
0.5,0.0
0.5,0.0
0.5,0.0
0.5,0.0
0.5,0.0
0.5,0.0
2.7907628378058953,-10.0
2.705806795546816,0.0
0.5,0.0
0.5,0.0
0.5,0.0
0.5,0.0
0.5,0.0
0.5,0.0
0.5,0.0
0.5,0.0
0.5,0.0
0.5,0.0
0.5,0.0
0.5,0.0
0.5,0.0
0.5,0.0
0.5,0.0
0.5,0.0
0.5,0.0
0.5,0.0
0.5,0.0
0.5,0.0
0.5,0.0
0.5,0.0
0.5,0.0
0.5,0.0
0.5,0.0
0.5,0.0
0.5,0.0
0.5,0.0
0.5,0.0
0.5,0.0
0.5,0.0
0.5,0.0
0.5,0.0
0.5,0.0
0.5,0.0
0.5,0.0
0.5,0.0
0.5,0.0
0.5,0.0
0.5,0.0
0.5,0.0
0.5,0.0
0.5,0.0
0.5,0.0
0.5,0.0
0.5,0.0
0.5,0.0
0.5,0.0
0.5,0.0
2.705806795546816,-10.0
2.622229339620305,0.0
0.5,0.0
0.5,0.0
0.5,0.0
0.5,0.0
0.5,0.0
0.5,0.0
0.5,0.0
0.5,0.0
0.5,0.0
0.5,0.0
0.5,0.0
0.5,0.0
0.5,0.0
0.5,0.0
0.5,0.0
0.5,0.0
0.5,0.0
0.5,0.0
0.5,0.0
0.5,0.0
0.5,0.0
0.5,0.0
0.5,0.0
0.5,0.0
0.5,0.0
0.5,0.0
0.5,0.0
0.5,0.0
0.5,0.0
0.5,0.0
0.5,0.0
0.5,0.0
0.5,0.0
0.5,0.0
0.5,0.0
0.5,0.0
0.5,0.0
0.5,0.0
0.5,0.0
0.5,0.0
0.5,0.0
0.5,0.0
0.5,0.0
0.5,0.0
0.5,0.0
0.5,0.0
0.5,0.0
0.5,0.0
0.5,0.0
2.622229339620305,-10.0
2.5399864427180363,0.0
0.5,0.0
0.5,0.0
0.5,0.0
0.5,0.0
0.5,0.0
0.5,0.0
0.5,0.0
0.5,0.0
0.5,0.0
0.5,0.0
0.5,0.0
0.5,0.0
0.5,0.0
0.5,0.0
0.5,0.0
0.5,0.0
0.5,0.0
0.5,0.0
0.5,0.0
0.5,0.0
0.5,0.0
0.5,0.0
0.5,0.0
0.5,0.0
0.5,0.0
0.5,0.0
0.5,0.0
0.5,0.0
0.5,0.0
0.5,0.0
0.5,0.0
0.5,0.0
0.5,0.0
0.5,0.0
0.5,0.0
0.5,0.0
0.5,0.0
0.5,0.0
0.5,0.0
0.5,0.0
0.5,0.0
0.5,0.0
0.5,0.0
0.5,0.0
0.5,0.0
0.5,0.0
0.5,0.0
0.5,0.0
0.5,0.0
2.5399864427180363,-10.0
2.459036153546033,0.0
0.5,0.0
0.5,0.0
0.5,0.0
0.5,0.0
0.5,0.0
0.5,0.0
0.5,0.0
0.5,0.0
0.5,0.0
0.5,0.0
0.5,0.0
0.5,0.0
0.5,0.0
0.5,0.0
0.5,0.0
0.5,0.0
0.5,0.0
0.5,0.0
0.5,0.0
0.5,0.0
0.5,0.0
0.5,0.0
0.5,0.0
0.5,0.0
0.5,0.0
0.5,0.0
0.5,0.0
0.5,0.0
0.5,0.0
0.5,0.0
0.5,0.0
0.5,0.0
0.5,0.0
0.5,0.0
0.5,0.0
0.5,0.0
0.5,0.0
0.5,0.0
0.5,0.0
0.5,0.0
0.5,0.0
0.5,0.0
0.5,0.0
0.5,0.0
0.5,0.0
0.5,0.0
0.5,0.0
0.5,0.0
0.5,0.0
2.459036153546033,-10.0
2.379338468321749,0.0
0.5,0.0
0.5,0.0
0.5,0.0
0.5,0.0
0.5,0.0
0.5,0.0
0.5,0.0
0.5,0.0
0.5,0.0
0.5,0.0
0.5,0.0
0.5,0.0
0.5,0.0
0.5,0.0
0.5,0.0
0.5,0.0
0.5,0.0
0.5,0.0
0.5,0.0
0.5,0.0
0.5,0.0
0.5,0.0
0.5,0.0
0.5,0.0
0.5,0.0
0.5,0.0
0.5,0.0
0.5,0.0
0.5,0.0
0.5,0.0
0.5,0.0
0.5,0.0
0.5,0.0
0.5,0.0
0.5,0.0
0.5,0.0
0.5,0.0
0.5,0.0
0.5,0.0
0.5,0.0
0.5,0.0
0.5,0.0
0.5,0.0
0.5,0.0
0.5,0.0
0.5,0.0
0.5,0.0
0.5,0.0
0.5,0.0
2.379338468321749,-10.0
2.300855212062558,0.0
0.5,0.0
0.5,0.0
0.5,0.0
0.5,0.0
0.5,0.0
0.5,0.0
0.5,0.0
0.5,0.0
0.5,0.0
0.5,0.0
0.5,0.0
0.5,0.0
0.5,0.0
0.5,0.0
0.5,0.0
0.5,0.0
0.5,0.0
0.5,0.0
0.5,0.0
0.5,0.0
0.5,0.0
0.5,0.0
0.5,0.0
0.5,0.0
0.5,0.0
0.5,0.0
0.5,0.0
0.5,0.0
0.5,0.0
0.5,0.0
0.5,0.0
0.5,0.0
0.5,0.0
0.5,0.0
0.5,0.0
0.5,0.0
0.5,0.0
0.5,0.0
0.5,0.0
0.5,0.0
0.5,0.0
0.5,0.0
0.5,0.0
0.5,0.0
0.5,0.0
0.5,0.0
0.5,0.0
0.5,0.0
0.5,0.0
2.300855212062558,-10.0
2.2235499287837888,0.0
0.5,0.0
0.5,0.0
0.5,0.0
0.5,0.0
0.5,0.0
0.5,0.0
0.5,0.0
0.5,0.0
0.5,0.0
0.5,0.0
0.5,0.0
0.5,0.0
0.5,0.0
0.5,0.0
0.5,0.0
0.5,0.0
0.5,0.0
0.5,0.0
0.5,0.0
0.5,0.0
0.5,0.0
0.5,0.0
0.5,0.0
0.5,0.0
0.5,0.0
0.5,0.0
0.5,0.0
0.5,0.0
0.5,0.0
0.5,0.0
0.5,0.0
0.5,0.0
0.5,0.0
0.5,0.0
0.5,0.0
0.5,0.0
0.5,0.0
0.5,0.0
0.5,0.0
0.5,0.0
0.5,0.0
0.5,0.0
0.5,0.0
0.5,0.0
0.5,0.0
0.5,0.0
0.5,0.0
0.5,0.0
0.5,0.0
2.2235499287837888,-10.0
2.147387779815741,0.0
0.5,0.0
0.5,0.0
0.5,0.0
0.5,0.0
0.5,0.0
0.5,0.0
0.5,0.0
0.5,0.0
0.5,0.0
0.5,0.0
0.5,0.0
0.5,0.0
0.5,0.0
0.5,0.0
0.5,0.0
0.5,0.0
0.5,0.0
0.5,0.0
0.5,0.0
0.5,0.0
0.5,0.0
0.5,0.0
0.5,0.0
0.5,0.0
0.5,0.0
0.5,0.0
0.5,0.0
0.5,0.0
0.5,0.0
0.5,0.0
0.5,0.0
0.5,0.0
0.5,0.0
0.5,0.0
0.5,0.0
0.5,0.0
0.5,0.0
0.5,0.0
0.5,0.0
0.5,0.0
0.5,0.0
0.5,0.0
0.5,0.0
0.5,0.0
0.5,0.0
0.5,0.0
0.5,0.0
0.5,0.0
0.5,0.0
2.147387779815741,-10.0
2.072335449529768,0.0
0.5,0.0
0.5,0.0
0.5,0.0
0.5,0.0
0.5,0.0
0.5,0.0
0.5,0.0
0.5,0.0
0.5,0.0
0.5,0.0
0.5,0.0
0.5,0.0
0.5,0.0
0.5,0.0
0.5,0.0
0.5,0.0
0.5,0.0
0.5,0.0
0.5,0.0
0.5,0.0
0.5,0.0
0.5,0.0
0.5,0.0
0.5,0.0
0.5,0.0
0.5,0.0
0.5,0.0
0.5,0.0
0.5,0.0
0.5,0.0
0.5,0.0
0.5,0.0
0.5,0.0
0.5,0.0
0.5,0.0
0.5,0.0
0.5,0.0
0.5,0.0
0.5,0.0
0.5,0.0
0.5,0.0
0.5,0.0
0.5,0.0
0.5,0.0
0.5,0.0
0.5,0.0
0.5,0.0
0.5,0.0
0.5,0.0
2.072335449529768,-10.0
1.9983610578348951,0.0
0.5,0.0
0.5,0.0
0.5,0.0
0.5,0.0
0.5,0.0
0.5,0.0
0.5,0.0
0.5,0.0
0.5,0.0
0.5,0.0
0.5,0.0
0.5,0.0
0.5,0.0
0.5,0.0
0.5,0.0
0.5,0.0
0.5,0.0
0.5,0.0
0.5,0.0
0.5,0.0
0.5,0.0
0.5,0.0
0.5,0.0
0.5,0.0
0.5,0.0
0.5,0.0
0.5,0.0
0.5,0.0
0.5,0.0
0.5,0.0
0.5,0.0
0.5,0.0
0.5,0.0
0.5,0.0
0.5,0.0
0.5,0.0
0.5,0.0
0.5,0.0
0.5,0.0
0.5,0.0
0.5,0.0
0.5,0.0
0.5,0.0
0.5,0.0
0.5,0.0
0.5,0.0
0.5,0.0
0.5,0.0
0.5,0.0
1.9983610578348951,-10.0
1.925434078869726,0.0
0.5,0.0
0.5,0.0
0.5,0.0
0.5,0.0
0.5,0.0
0.5,0.0
0.5,0.0
0.5,0.0
0.5,0.0
0.5,0.0
0.5,0.0
0.5,0.0
0.5,0.0
0.5,0.0
0.5,0.0
0.5,0.0
0.5,0.0
0.5,0.0
0.5,0.0
0.5,0.0
0.5,0.0
0.5,0.0
0.5,0.0
0.5,0.0
0.5,0.0
0.5,0.0
0.5,0.0
0.5,0.0
0.5,0.0
0.5,0.0
0.5,0.0
0.5,0.0
0.5,0.0
0.5,0.0
0.5,0.0
0.5,0.0
0.5,0.0
0.5,0.0
0.5,0.0
0.5,0.0
0.5,0.0
0.5,0.0
0.5,0.0
0.5,0.0
0.5,0.0
0.5,0.0
0.5,0.0
0.5,0.0
0.5,0.0
1.925434078869726,-10.0
1.8535252653706324,0.0
0.5,0.0
0.5,0.0
0.5,0.0
0.5,0.0
0.5,0.0
0.5,0.0
0.5,0.0
0.5,0.0
0.5,0.0
0.5,0.0
0.5,0.0
0.5,0.0
0.5,0.0
0.5,0.0
0.5,0.0
0.5,0.0
0.5,0.0
0.5,0.0
0.5,0.0
0.5,0.0
0.5,0.0
0.5,0.0
0.5,0.0
0.5,0.0
0.5,0.0
0.5,0.0
0.5,0.0
0.5,0.0
0.5,0.0
0.5,0.0
0.5,0.0
0.5,0.0
0.5,0.0
0.5,0.0
0.5,0.0
0.5,0.0
0.5,0.0
0.5,0.0
0.5,0.0
0.5,0.0
0.5,0.0
0.5,0.0
0.5,0.0
0.5,0.0
0.5,0.0
0.5,0.0
0.5,0.0
0.5,0.0
0.5,0.0
1.8535252653706324,-10.0
1.7826065782472265,0.0
0.5,0.0
0.5,0.0
0.5,0.0
0.5,0.0
0.5,0.0
0.5,0.0
0.5,0.0
0.5,0.0
0.5,0.0
0.5,0.0
0.5,0.0
0.5,0.0
0.5,0.0
0.5,0.0
0.5,0.0
0.5,0.0
0.5,0.0
0.5,0.0
0.5,0.0
0.5,0.0
0.5,0.0
0.5,0.0
0.5,0.0
0.5,0.0
0.5,0.0
0.5,0.0
0.5,0.0
0.5,0.0
0.5,0.0
0.5,0.0
0.5,0.0
0.5,0.0
0.5,0.0
0.5,0.0
0.5,0.0
0.5,0.0
0.5,0.0
0.5,0.0
0.5,0.0
0.5,0.0
0.5,0.0
0.5,0.0
0.5,0.0
0.5,0.0
0.5,0.0
0.5,0.0
0.5,0.0
0.5,0.0
0.5,0.0
1.7826065782472265,-10.0
1.712651120940743,0.0
0.5,0.0
0.5,0.0
0.5,0.0
0.5,0.0
0.5,0.0
0.5,0.0
0.5,0.0
0.5,0.0
0.5,0.0
0.5,0.0
0.5,0.0
0.5,0.0
0.5,0.0
0.5,0.0
0.5,0.0
0.5,0.0
0.5,0.0
0.5,0.0
0.5,0.0
0.5,0.0
0.5,0.0
0.5,0.0
0.5,0.0
0.5,0.0
0.5,0.0
0.5,0.0
0.5,0.0
0.5,0.0
0.5,0.0
0.5,0.0
0.5,0.0
0.5,0.0
0.5,0.0
0.5,0.0
0.5,0.0
0.5,0.0
0.5,0.0
0.5,0.0
0.5,0.0
0.5,0.0
0.5,0.0
0.5,0.0
0.5,0.0
0.5,0.0
0.5,0.0
0.5,0.0
0.5,0.0
0.5,0.0
0.5,0.0
1.712651120940743,-10.0
1.6436330781807298,0.0
0.5,0.0
0.5,0.0
0.5,0.0
0.5,0.0
0.5,0.0
0.5,0.0
0.5,0.0
0.5,0.0
0.5,0.0
0.5,0.0
0.5,0.0
0.5,0.0
0.5,0.0
0.5,0.0
0.5,0.0
0.5,0.0
0.5,0.0
0.5,0.0
0.5,0.0
0.5,0.0
0.5,0.0
0.5,0.0
0.5,0.0
0.5,0.0
0.5,0.0
0.5,0.0
0.5,0.0
0.5,0.0
0.5,0.0
0.5,0.0
0.5,0.0
0.5,0.0
0.5,0.0
0.5,0.0
0.5,0.0
0.5,0.0
0.5,0.0
0.5,0.0
0.5,0.0
0.5,0.0
0.5,0.0
0.5,0.0
0.5,0.0
0.5,0.0
0.5,0.0
0.5,0.0
0.5,0.0
0.5,0.0
0.5,0.0
1.6436330781807298,-10.0
1.5755276587910807,0.0
0.5,0.0
0.5,0.0
0.5,0.0
0.5,0.0
0.5,0.0
0.5,0.0
0.5,0.0
0.5,0.0
0.5,0.0
0.5,0.0
0.5,0.0
0.5,0.0
0.5,0.0
0.5,0.0
0.5,0.0
0.5,0.0
0.5,0.0
0.5,0.0
0.5,0.0
0.5,0.0
0.5,0.0
0.5,0.0
0.5,0.0
0.5,0.0
0.5,0.0
0.5,0.0
0.5,0.0
0.5,0.0
0.5,0.0
0.5,0.0
0.5,0.0
0.5,0.0
0.5,0.0
0.5,0.0
0.5,0.0
0.5,0.0
0.5,0.0
0.5,0.0
0.5,0.0
0.5,0.0
0.5,0.0
0.5,0.0
0.5,0.0
0.5,0.0
0.5,0.0
0.5,0.0
0.5,0.0
0.5,0.0
0.5,0.0
1.5755276587910807,-10.0
1.5083110422283141,0.0
0.5,0.0
0.5,0.0
0.5,0.0
0.5,0.0
0.5,0.0
0.5,0.0
0.5,0.0
0.5,0.0
0.5,0.0
0.5,0.0
0.5,0.0
0.5,0.0
0.5,0.0
0.5,0.0
0.5,0.0
0.5,0.0
0.5,0.0
0.5,0.0
0.5,0.0
0.5,0.0
0.5,0.0
0.5,0.0
0.5,0.0
0.5,0.0
0.5,0.0
0.5,0.0
0.5,0.0
0.5,0.0
0.5,0.0
0.5,0.0
0.5,0.0
0.5,0.0
0.5,0.0
0.5,0.0
0.5,0.0
0.5,0.0
0.5,0.0
0.5,0.0
0.5,0.0
0.5,0.0
0.5,0.0
0.5,0.0
0.5,0.0
0.5,0.0
0.5,0.0
0.5,0.0
0.5,0.0
0.5,0.0
0.5,0.0
1.5083110422283141,-10.0
1.4419603285635918,0.0
0.5,0.0
0.5,0.0
0.5,0.0
0.5,0.0
0.5,0.0
0.5,0.0
0.5,0.0
0.5,0.0
0.5,0.0
0.5,0.0
0.5,0.0
0.5,0.0
0.5,0.0
0.5,0.0
0.5,0.0
0.5,0.0
0.5,0.0
0.5,0.0
0.5,0.0
0.5,0.0
0.5,0.0
0.5,0.0
0.5,0.0
0.5,0.0
0.5,0.0
0.5,0.0
0.5,0.0
0.5,0.0
0.5,0.0
0.5,0.0
0.5,0.0
0.5,0.0
0.5,0.0
0.5,0.0
0.5,0.0
0.5,0.0
0.5,0.0
0.5,0.0
0.5,0.0
0.5,0.0
0.5,0.0
0.5,0.0
0.5,0.0
0.5,0.0
0.5,0.0
0.5,0.0
0.5,0.0
0.5,0.0
0.5,0.0
1.4419603285635918,-10.0
1.3764534916456606,0.0
0.5,0.0
0.5,0.0
0.5,0.0
0.5,0.0
0.5,0.0
0.5,0.0
0.5,0.0
0.5,0.0
0.5,0.0
0.5,0.0
0.5,0.0
0.5,0.0
0.5,0.0
0.5,0.0
0.5,0.0
0.5,0.0
0.5,0.0
0.5,0.0
0.5,0.0
0.5,0.0
0.5,0.0
0.5,0.0
0.5,0.0
0.5,0.0
0.5,0.0
0.5,0.0
0.5,0.0
0.5,0.0
0.5,0.0
0.5,0.0
0.5,0.0
0.5,0.0
0.5,0.0
0.5,0.0
0.5,0.0
0.5,0.0
0.5,0.0
0.5,0.0
0.5,0.0
0.5,0.0
0.5,0.0
0.5,0.0
0.5,0.0
0.5,0.0
0.5,0.0
0.5,0.0
0.5,0.0
0.5,0.0
0.5,0.0
1.3764534916456606,-10.0
1.3117693352050341,0.0
0.5,0.0
0.5,0.0
0.5,0.0
0.5,0.0
0.5,0.0
0.5,0.0
0.5,0.0
0.5,0.0
0.5,0.0
0.5,0.0
0.5,0.0
0.5,0.0
0.5,0.0
0.5,0.0
0.5,0.0
0.5,0.0
0.5,0.0
0.5,0.0
0.5,0.0
0.5,0.0
0.5,0.0
0.5,0.0
0.5,0.0
0.5,0.0
0.5,0.0
0.5,0.0
0.5,0.0
0.5,0.0
0.5,0.0
0.5,0.0
0.5,0.0
0.5,0.0
0.5,0.0
0.5,0.0
0.5,0.0
0.5,0.0
0.5,0.0
0.5,0.0
0.5,0.0
0.5,0.0
0.5,0.0
0.5,0.0
0.5,0.0
0.5,0.0
0.5,0.0
0.5,0.0
0.5,0.0
0.5,0.0
0.5,0.0
1.3117693352050341,-10.0
1.2478874516804859,0.0
0.5,0.0
0.5,0.0
0.5,0.0
0.5,0.0
0.5,0.0
0.5,0.0
0.5,0.0
0.5,0.0
0.5,0.0
0.5,0.0
0.5,0.0
0.5,0.0
0.5,0.0
0.5,0.0
0.5,0.0
0.5,0.0
0.5,0.0
0.5,0.0
0.5,0.0
0.5,0.0
0.5,0.0
0.5,0.0
0.5,0.0
0.5,0.0
0.5,0.0
0.5,0.0
0.5,0.0
0.5,0.0
0.5,0.0
0.5,0.0
0.5,0.0
0.5,0.0
0.5,0.0
0.5,0.0
0.5,0.0
0.5,0.0
0.5,0.0
0.5,0.0
0.5,0.0
0.5,0.0
0.5,0.0
0.5,0.0
0.5,0.0
0.5,0.0
0.5,0.0
0.5,0.0
0.5,0.0
0.5,0.0
0.5,0.0
1.2478874516804859,-10.0
1.1847881835677603,0.0
0.5,0.0
0.5,0.0
0.5,0.0
0.5,0.0
0.5,0.0
0.5,0.0
0.5,0.0
0.5,0.0
0.5,0.0
0.5,0.0
0.5,0.0
0.5,0.0
0.5,0.0
0.5,0.0
0.5,0.0
0.5,0.0
0.5,0.0
0.5,0.0
0.5,0.0
0.5,0.0
0.5,0.0
0.5,0.0
0.5,0.0
0.5,0.0
0.5,0.0
0.5,0.0
0.5,0.0
0.5,0.0
0.5,0.0
0.5,0.0
0.5,0.0
0.5,0.0
0.5,0.0
0.5,0.0
0.5,0.0
0.5,0.0
0.5,0.0
0.5,0.0
0.5,0.0
0.5,0.0
0.5,0.0
0.5,0.0
0.5,0.0
0.5,0.0
0.5,0.0
0.5,0.0
0.5,0.0
0.5,0.0
0.5,0.0
1.1847881835677603,-10.0
1.1224525871073343,0.0
0.5,0.0
0.5,0.0
0.5,0.0
0.5,0.0
0.5,0.0
0.5,0.0
0.5,0.0
0.5,0.0
0.5,0.0
0.5,0.0
0.5,0.0
0.5,0.0
0.5,0.0
0.5,0.0
0.5,0.0
0.5,0.0
0.5,0.0
0.5,0.0
0.5,0.0
0.5,0.0
0.5,0.0
0.5,0.0
0.5,0.0
0.5,0.0
0.5,0.0
0.5,0.0
0.5,0.0
0.5,0.0
0.5,0.0
0.5,0.0
0.5,0.0
0.5,0.0
0.5,0.0
0.5,0.0
0.5,0.0
0.5,0.0
0.5,0.0
0.5,0.0
0.5,0.0
0.5,0.0
0.5,0.0
0.5,0.0
0.5,0.0
0.5,0.0
0.5,0.0
0.5,0.0
0.5,0.0
0.5,0.0
0.5,0.0
1.1224525871073343,-10.0
1.0608623981433807,0.0
0.5,0.0
0.5,0.0
0.5,0.0
0.5,0.0
0.5,0.0
0.5,0.0
0.5,0.0
0.5,0.0
0.5,0.0
0.5,0.0
0.5,0.0
0.5,0.0
0.5,0.0
0.5,0.0
0.5,0.0
0.5,0.0
0.5,0.0
0.5,0.0
0.5,0.0
0.5,0.0
0.5,0.0
0.5,0.0
0.5,0.0
0.5,0.0
0.5,0.0
0.5,0.0
0.5,0.0
0.5,0.0
0.5,0.0
0.5,0.0
0.5,0.0
0.5,0.0
0.5,0.0
0.5,0.0
0.5,0.0
0.5,0.0
0.5,0.0
0.5,0.0
0.5,0.0
0.5,0.0
0.5,0.0
0.5,0.0
0.5,0.0
0.5,0.0
0.5,0.0
0.5,0.0
0.5,0.0
0.5,0.0
0.5,0.0
1.0608623981433807,-10.0
1.0,0.0
0.5,0.0
0.5,0.0
0.5,0.0
0.5,0.0
0.5,0.0
0.5,0.0
0.5,0.0
0.5,0.0
0.5,0.0
0.5,0.0
0.5,0.0
0.5,0.0
0.5,0.0
0.5,0.0
0.5,0.0
0.5,0.0
0.5,0.0
0.5,0.0
0.5,0.0
0.5,0.0
0.5,0.0
0.5,0.0
0.5,0.0
0.5,0.0
0.5,0.0
0.5,0.0
0.5,0.0
0.5,0.0
0.5,0.0
0.5,0.0
0.5,0.0
0.5,0.0
0.5,0.0
0.5,0.0
0.5,0.0
0.5,0.0
0.5,0.0
0.5,0.0
0.5,0.0
0.5,0.0
0.5,0.0
0.5,0.0
0.5,0.0
0.5,0.0
0.5,0.0
0.5,0.0
0.5,0.0
0.5,0.0
0.5,0.0
0.9999999999999981,-10.0
0.9547500000000001,-0.007436568356100362
0.5,0.0
0.5,0.0
0.5,0.0
0.5,0.0
0.5,0.0
0.5,0.0
0.5,0.0
0.5,0.0
0.5,0.0
0.5,0.0
0.5,0.0
0.5,0.0
0.5,0.0
0.5,0.0
0.5,0.0
0.5,0.0
0.5,0.0
0.5,0.0
0.5,0.0
0.5,0.0
0.5,0.0
0.5,0.0
0.5,0.0
0.5,0.0
0.5,0.0
0.5,0.0
0.5,0.0
0.5,0.0
0.5,0.0
0.5,0.0
0.5,0.0
0.5,0.0
0.5,0.0
0.5,0.0
0.5,0.0
0.5,0.0
0.5,0.0
0.5,0.0
0.5,0.0
0.5,0.0
0.5,0.0
0.5,0.0
0.5,0.0
0.5,0.0
0.5,0.0
0.5,0.0
0.5,0.0
0.5,0.0
0.5,0.0
0.21540904272154426,-9.969173337331279
0.918,-0.012212223267121649
0.5,0.0
0.5,0.0
0.5,0.0
0.5,0.0
0.5,0.0
0.5,0.0
0.5,0.0
0.5,0.0
0.5,0.0
0.5,0.0
0.5,0.0
0.5,0.0
0.5,0.0
0.5,0.0
0.5,0.0
0.5,0.0
0.5,0.0
0.5,0.0
0.5,0.0
0.5,0.0
0.5,0.0
0.5,0.0
0.5,0.0
0.5,0.0
0.5,0.0
0.5,0.0
0.5,0.0
0.5,0.0
0.5,0.0
0.5,0.0
0.5,0.0
0.5,0.0
0.5,0.0
0.5,0.0
0.5,0.0
0.5,0.0
0.5,0.0
0.5,0.0
0.5,0.0
0.5,0.0
0.5,0.0
0.5,0.0
0.5,0.0
0.5,0.0
0.5,0.0
0.5,0.0
0.5,0.0
0.5,0.0
0.5,0.0
-0.5643446504023104,-9.876883405951377
0.8882500000000001,-0.015930275412131687
0.5,0.0
0.5,0.0
0.5,0.0
0.5,0.0
0.5,0.0
0.5,0.0
0.5,0.0
0.5,0.0
0.5,0.0
0.5,0.0
0.5,0.0
0.5,0.0
0.5,0.0
0.5,0.0
0.5,0.0
0.5,0.0
0.5,0.0
0.5,0.0
0.5,0.0
0.5,0.0
0.5,0.0
0.5,0.0
0.5,0.0
0.5,0.0
0.5,0.0
0.5,0.0
0.5,0.0
0.5,0.0
0.5,0.0
0.5,0.0
0.5,0.0
0.5,0.0
0.5,0.0
0.5,0.0
0.5,0.0
0.5,0.0
0.5,0.0
0.5,0.0
0.5,0.0
0.5,0.0
0.5,0.0
0.5,0.0
0.5,0.0
0.5,0.0
0.5,0.0
0.5,0.0
0.5,0.0
0.5,0.0
0.5,0.0
-1.3344536385590513,-9.723699203976766
0.864,-0.018867293854759
0.5,0.0
0.5,0.0
0.5,0.0
0.5,0.0
0.5,0.0
0.5,0.0
0.5,0.0
0.5,0.0
0.5,0.0
0.5,0.0
0.5,0.0
0.5,0.0
0.5,0.0
0.5,0.0
0.5,0.0
0.5,0.0
0.5,0.0
0.5,0.0
0.5,0.0
0.5,0.0
0.5,0.0
0.5,0.0
0.5,0.0
0.5,0.0
0.5,0.0
0.5,0.0
0.5,0.0
0.5,0.0
0.5,0.0
0.5,0.0
0.5,0.0
0.5,0.0
0.5,0.0
0.5,0.0
0.5,0.0
0.5,0.0
0.5,0.0
0.5,0.0
0.5,0.0
0.5,0.0
0.5,0.0
0.5,0.0
0.5,0.0
0.5,0.0
0.5,0.0
0.5,0.0
0.5,0.0
0.5,0.0
0.5,0.0
-2.0901699437494754,-9.510565162951535
0.84375,-0.02125727678919095
0.5,0.0
0.5,0.0
0.5,0.0
0.5,0.0
0.5,0.0
0.5,0.0
0.5,0.0
0.5,0.0
0.5,0.0
0.5,0.0
0.5,0.0
0.5,0.0
0.5,0.0
0.5,0.0
0.5,0.0
0.5,0.0
0.5,0.0
0.5,0.0
0.5,0.0
0.5,0.0
0.5,0.0
0.5,0.0
0.5,0.0
0.5,0.0
0.5,0.0
0.5,0.0
0.5,0.0
0.5,0.0
0.5,0.0
0.5,0.0
0.5,0.0
0.5,0.0
0.5,0.0
0.5,0.0
0.5,0.0
0.5,0.0
0.5,0.0
0.5,0.0
0.5,0.0
0.5,0.0
0.5,0.0
0.5,0.0
0.5,0.0
0.5,0.0
0.5,0.0
0.5,0.0
0.5,0.0
0.5,0.0
0.5,0.0
-2.8268343236509033,-9.238795325112864
0.8260000000000001,-0.023306256217582737
0.5,0.0
0.5,0.0
0.5,0.0
0.5,0.0
0.5,0.0
0.5,0.0
0.5,0.0
0.5,0.0
0.5,0.0
0.5,0.0
0.5,0.0
0.5,0.0
0.5,0.0
0.5,0.0
0.5,0.0
0.5,0.0
0.5,0.0
0.5,0.0
0.5,0.0
0.5,0.0
0.5,0.0
0.5,0.0
0.5,0.0
0.5,0.0
0.5,0.0
0.5,0.0
0.5,0.0
0.5,0.0
0.5,0.0
0.5,0.0
0.5,0.0
0.5,0.0
0.5,0.0
0.5,0.0
0.5,0.0
0.5,0.0
0.5,0.0
0.5,0.0
0.5,0.0
0.5,0.0
0.5,0.0
0.5,0.0
0.5,0.0
0.5,0.0
0.5,0.0
0.5,0.0
0.5,0.0
0.5,0.0
0.5,0.0
-3.5399049973954693,-8.910065241883679
0.80925,-0.02520093036617165
0.5,0.0
0.5,0.0
0.5,0.0
0.5,0.0
0.5,0.0
0.5,0.0
0.5,0.0
0.5,0.0
0.5,0.0
0.5,0.0
0.5,0.0
0.5,0.0
0.5,0.0
0.5,0.0
0.5,0.0
0.5,0.0
0.5,0.0
0.5,0.0
0.5,0.0
0.5,0.0
0.5,0.0
0.5,0.0
0.5,0.0
0.5,0.0
0.5,0.0
0.5,0.0
0.5,0.0
0.5,0.0
0.5,0.0
0.5,0.0
0.5,0.0
0.5,0.0
0.5,0.0
0.5,0.0
0.5,0.0
0.5,0.0
0.5,0.0
0.5,0.0
0.5,0.0
0.5,0.0
0.5,0.0
0.5,0.0
0.5,0.0
0.5,0.0
0.5,0.0
0.5,0.0
0.5,0.0
0.5,0.0
0.5,0.0
-4.224985647159485,-8.526401643540924
0.792,-0.027113021675100154
0.5,0.0
0.5,0.0
0.5,0.0
0.5,0.0
0.5,0.0
0.5,0.0
0.5,0.0
0.5,0.0
0.5,0.0
0.5,0.0
0.5,0.0
0.5,0.0
0.5,0.0
0.5,0.0
0.5,0.0
0.5,0.0
0.5,0.0
0.5,0.0
0.5,0.0
0.5,0.0
0.5,0.0
0.5,0.0
0.5,0.0
0.5,0.0
0.5,0.0
0.5,0.0
0.5,0.0
0.5,0.0
0.5,0.0
0.5,0.0
0.5,0.0
0.5,0.0
0.5,0.0
0.5,0.0
0.5,0.0
0.5,0.0
0.5,0.0
0.5,0.0
0.5,0.0
0.5,0.0
0.5,0.0
0.5,0.0
0.5,0.0
0.5,0.0
0.5,0.0
0.5,0.0
0.5,0.0
0.5,0.0
0.5,0.0
-4.877852522924733,-8.090169943749473
0.77275,-0.029200095887926804
0.5,0.0
0.5,0.0
0.5,0.0
0.5,0.0
0.5,0.0
0.5,0.0
0.5,0.0
0.5,0.0
0.5,0.0
0.5,0.0
0.5,0.0
0.5,0.0
0.5,0.0
0.5,0.0
0.5,0.0
0.5,0.0
0.5,0.0
0.5,0.0
0.5,0.0
0.5,0.0
0.5,0.0
0.5,0.0
0.5,0.0
0.5,0.0
0.5,0.0
0.5,0.0
0.5,0.0
0.5,0.0
0.5,0.0
0.5,0.0
0.5,0.0
0.5,0.0
0.5,0.0
0.5,0.0
0.5,0.0
0.5,0.0
0.5,0.0
0.5,0.0
0.5,0.0
0.5,0.0
0.5,0.0
0.5,0.0
0.5,0.0
0.5,0.0
0.5,0.0
0.5,0.0
0.5,0.0
0.5,0.0
0.5,0.0
-5.494480483301841,-7.604059656000306
0.75,-0.0316030623051599
0.5,0.0
0.5,0.0
0.5,0.0
0.5,0.0
0.5,0.0
0.5,0.0
0.5,0.0
0.5,0.0
0.5,0.0
0.5,0.0
0.5,0.0
0.5,0.0
0.5,0.0
0.5,0.0
0.5,0.0
0.5,0.0
0.5,0.0
0.5,0.0
0.5,0.0
0.5,0.0
0.5,0.0
0.5,0.0
0.5,0.0
0.5,0.0
0.5,0.0
0.5,0.0
0.5,0.0
0.5,0.0
0.5,0.0
0.5,0.0
0.5,0.0
0.5,0.0
0.5,0.0
0.5,0.0
0.5,0.0
0.5,0.0
0.5,0.0
0.5,0.0
0.5,0.0
0.5,0.0
0.5,0.0
0.5,0.0
0.5,0.0
0.5,0.0
0.5,0.0
0.5,0.0
0.5,0.0
0.5,0.0
0.5,0.0
-6.071067811865477,-7.071067811865475
0.7222500000000001,-0.03444014641297022
0.5,0.0
0.5,0.0
0.5,0.0
0.5,0.0
0.5,0.0
0.5,0.0
0.5,0.0
0.5,0.0
0.5,0.0
0.5,0.0
0.5,0.0
0.5,0.0
0.5,0.0
0.5,0.0
0.5,0.0
0.5,0.0
0.5,0.0
0.5,0.0
0.5,0.0
0.5,0.0
0.5,0.0
0.5,0.0
0.5,0.0
0.5,0.0
0.5,0.0
0.5,0.0
0.5,0.0
0.5,0.0
0.5,0.0
0.5,0.0
0.5,0.0
0.5,0.0
0.5,0.0
0.5,0.0
0.5,0.0
0.5,0.0
0.5,0.0
0.5,0.0
0.5,0.0
0.5,0.0
0.5,0.0
0.5,0.0
0.5,0.0
0.5,0.0
0.5,0.0
0.5,0.0
0.5,0.0
0.5,0.0
0.5,0.0
-6.60405965600031,-6.494480483301835
0.688,-0.03779641206876961
0.5,0.0
0.5,0.0
0.5,0.0
0.5,0.0
0.5,0.0
0.5,0.0
0.5,0.0
0.5,0.0
0.5,0.0
0.5,0.0
0.5,0.0
0.5,0.0
0.5,0.0
0.5,0.0
0.5,0.0
0.5,0.0
0.5,0.0
0.5,0.0
0.5,0.0
0.5,0.0
0.5,0.0
0.5,0.0
0.5,0.0
0.5,0.0
0.5,0.0
0.5,0.0
0.5,0.0
0.5,0.0
0.5,0.0
0.5,0.0
0.5,0.0
0.5,0.0
0.5,0.0
0.5,0.0
0.5,0.0
0.5,0.0
0.5,0.0
0.5,0.0
0.5,0.0
0.5,0.0
0.5,0.0
0.5,0.0
0.5,0.0
0.5,0.0
0.5,0.0
0.5,0.0
0.5,0.0
0.5,0.0
0.5,0.0
-7.090169943749476,-5.87785252292473
0.64575,-0.04170634932735022
0.5,0.0
0.5,0.0
0.5,0.0
0.5,0.0
0.5,0.0
0.5,0.0
0.5,0.0
0.5,0.0
0.5,0.0
0.5,0.0
0.5,0.0
0.5,0.0
0.5,0.0
0.5,0.0
0.5,0.0
0.5,0.0
0.5,0.0
0.5,0.0
0.5,0.0
0.5,0.0
0.5,0.0
0.5,0.0
0.5,0.0
0.5,0.0
0.5,0.0
0.5,0.0
0.5,0.0
0.5,0.0
0.5,0.0
0.5,0.0
0.5,0.0
0.5,0.0
0.5,0.0
0.5,0.0
0.5,0.0
0.5,0.0
0.5,0.0
0.5,0.0
0.5,0.0
0.5,0.0
0.5,0.0
0.5,0.0
0.5,0.0
0.5,0.0
0.5,0.0
0.5,0.0
0.5,0.0
0.5,0.0
0.5,0.0
-7.526401643540924,-5.224985647159487
0.5940000000000001,-0.04612360118015796
0.5,0.0
0.5,0.0
0.5,0.0
0.5,0.0
0.5,0.0
0.5,0.0
0.5,0.0
0.5,0.0
0.5,0.0
0.5,0.0
0.5,0.0
0.5,0.0
0.5,0.0
0.5,0.0
0.5,0.0
0.5,0.0
0.5,0.0
0.5,0.0
0.5,0.0
0.5,0.0
0.5,0.0
0.5,0.0
0.5,0.0
0.5,0.0
0.5,0.0
0.5,0.0
0.5,0.0
0.5,0.0
0.5,0.0
0.5,0.0
0.5,0.0
0.5,0.0
0.5,0.0
0.5,0.0
0.5,0.0
0.5,0.0
0.5,0.0
0.5,0.0
0.5,0.0
0.5,0.0
0.5,0.0
0.5,0.0
0.5,0.0
0.5,0.0
0.5,0.0
0.5,0.0
0.5,0.0
0.5,0.0
0.5,0.0
-7.910065241883679,-4.539904997395467
0.53125,-0.05086445657466278
0.5,0.0
0.5,0.0
0.5,0.0
0.5,0.0
0.5,0.0
0.5,0.0
0.5,0.0
0.5,0.0
0.5,0.0
0.5,0.0
0.5,0.0
0.5,0.0
0.5,0.0
0.5,0.0
0.5,0.0
0.5,0.0
0.5,0.0
0.5,0.0
0.5,0.0
0.5,0.0
0.5,0.0
0.5,0.0
0.5,0.0
0.5,0.0
0.5,0.0
0.5,0.0
0.5,0.0
0.5,0.0
0.5,0.0
0.5,0.0
0.5,0.0
0.5,0.0
0.5,0.0
0.5,0.0
0.5,0.0
0.5,0.0
0.5,0.0
0.5,0.0
0.5,0.0
0.5,0.0
0.5,0.0
0.5,0.0
0.5,0.0
0.5,0.0
0.5,0.0
0.5,0.0
0.5,0.0
0.5,0.0
0.5,0.0
-8.238795325112868,-3.8268343236508966
0.45600000000000007,-0.05549523178119895
0.5,0.0
0.5,0.0
0.5,0.0
0.5,0.0
0.5,0.0
0.5,0.0
0.5,0.0
0.5,0.0
0.5,0.0
0.5,0.0
0.5,0.0
0.5,0.0
0.5,0.0
0.5,0.0
0.5,0.0
0.5,0.0
0.5,0.0
0.5,0.0
0.5,0.0
0.5,0.0
0.5,0.0
0.5,0.0
0.5,0.0
0.5,0.0
0.5,0.0
0.5,0.0
0.5,0.0
0.5,0.0
0.5,0.0
0.5,0.0
0.5,0.0
0.5,0.0
0.5,0.0
0.5,0.0
0.5,0.0
0.5,0.0
0.5,0.0
0.5,0.0
0.5,0.0
0.5,0.0
0.5,0.0
0.5,0.0
0.5,0.0
0.5,0.0
0.5,0.0
0.5,0.0
0.5,0.0
0.5,0.0
0.5,0.0
-8.510565162951536,-3.0901699437494727
0.36675,-0.05909270006609582
0.5,0.0
0.5,0.0
0.5,0.0
0.5,0.0
0.5,0.0
0.5,0.0
0.5,0.0
0.5,0.0
0.5,0.0
0.5,0.0
0.5,0.0
0.5,0.0
0.5,0.0
0.5,0.0
0.5,0.0
0.5,0.0
0.5,0.0
0.5,0.0
0.5,0.0
0.5,0.0
0.5,0.0
0.5,0.0
0.5,0.0
0.5,0.0
0.5,0.0
0.5,0.0
0.5,0.0
0.5,0.0
0.5,0.0
0.5,0.0
0.5,0.0
0.5,0.0
0.5,0.0
0.5,0.0
0.5,0.0
0.5,0.0
0.5,0.0
0.5,0.0
0.5,0.0
0.5,0.0
0.5,0.0
0.5,0.0
0.5,0.0
0.5,0.0
0.5,0.0
0.5,0.0
0.5,0.0
0.5,0.0
0.5,0.0
-8.723699203976766,-2.3344536385590526
0.262,-0.05967516156054963
0.5,0.0
0.5,0.0
0.5,0.0
0.5,0.0
0.5,0.0
0.5,0.0
0.5,0.0
0.5,0.0
0.5,0.0
0.5,0.0
0.5,0.0
0.5,0.0
0.5,0.0
0.5,0.0
0.5,0.0
0.5,0.0
0.5,0.0
0.5,0.0
0.5,0.0
0.5,0.0
0.5,0.0
0.5,0.0
0.5,0.0
0.5,0.0
0.5,0.0
0.5,0.0
0.5,0.0
0.5,0.0
0.5,0.0
0.5,0.0
0.5,0.0
0.5,0.0
0.5,0.0
0.5,0.0
0.5,0.0
0.5,0.0
0.5,0.0
0.5,0.0
0.5,0.0
0.5,0.0
0.5,0.0
0.5,0.0
0.5,0.0
0.5,0.0
0.5,0.0
0.5,0.0
0.5,0.0
0.5,0.0
0.5,0.0
-8.876883405951379,-1.5643446504023073
0.14024999999999999,-0.05240789478033666
0.5,0.0
0.5,0.0
0.5,0.0
0.5,0.0
0.5,0.0
0.5,0.0
0.5,0.0
0.5,0.0
0.5,0.0
0.5,0.0
0.5,0.0
0.5,0.0
0.5,0.0
0.5,0.0
0.5,0.0
0.5,0.0
0.5,0.0
0.5,0.0
0.5,0.0
0.5,0.0
0.5,0.0
0.5,0.0
0.5,0.0
0.5,0.0
0.5,0.0
0.5,0.0
0.5,0.0
0.5,0.0
0.5,0.0
0.5,0.0
0.5,0.0
0.5,0.0
0.5,0.0
0.5,0.0
0.5,0.0
0.5,0.0
0.5,0.0
0.5,0.0
0.5,0.0
0.5,0.0
0.5,0.0
0.5,0.0
0.5,0.0
0.5,0.0
0.5,0.0
0.5,0.0
0.5,0.0
0.5,0.0
0.5,0.0
-8.969173337331279,-0.7845909572784482
0.0,0.0
0.5,0.0
0.5,0.0
0.5,0.0
0.5,0.0
0.5,0.0
0.5,0.0
0.5,0.0
0.5,0.0
0.5,0.0
0.5,0.0
0.5,0.0
0.5,0.0
0.5,0.0
0.5,0.0
0.5,0.0
0.5,0.0
0.5,0.0
0.5,0.0
0.5,0.0
0.5,0.0
0.5,0.0
0.5,0.0
0.5,0.0
0.5,0.0
0.5,0.0
0.5,0.0
0.5,0.0
0.5,0.0
0.5,0.0
0.5,0.0
0.5,0.0
0.5,0.0
0.5,0.0
0.5,0.0
0.5,0.0
0.5,0.0
0.5,0.0
0.5,0.0
0.5,0.0
0.5,0.0
0.5,0.0
0.5,0.0
0.5,0.0
0.5,0.0
0.5,0.0
0.5,0.0
0.5,0.0
0.5,0.0
0.5,0.0
-9.0,1.2246467991473533e-15
0.14024999999999999,0.05240789478033666
0.5,0.0
0.5,0.0
0.5,0.0
0.5,0.0
0.5,0.0
0.5,0.0
0.5,0.0
0.5,0.0
0.5,0.0
0.5,0.0
0.5,0.0
0.5,0.0
0.5,0.0
0.5,0.0
0.5,0.0
0.5,0.0
0.5,0.0
0.5,0.0
0.5,0.0
0.5,0.0
0.5,0.0
0.5,0.0
0.5,0.0
0.5,0.0
0.5,0.0
0.5,0.0
0.5,0.0
0.5,0.0
0.5,0.0
0.5,0.0
0.5,0.0
0.5,0.0
0.5,0.0
0.5,0.0
0.5,0.0
0.5,0.0
0.5,0.0
0.5,0.0
0.5,0.0
0.5,0.0
0.5,0.0
0.5,0.0
0.5,0.0
0.5,0.0
0.5,0.0
0.5,0.0
0.5,0.0
0.5,0.0
0.5,0.0
-8.969173337331279,0.7845909572784506
0.262,0.05967516156054963
0.5,0.0
0.5,0.0
0.5,0.0
0.5,0.0
0.5,0.0
0.5,0.0
0.5,0.0
0.5,0.0
0.5,0.0
0.5,0.0
0.5,0.0
0.5,0.0
0.5,0.0
0.5,0.0
0.5,0.0
0.5,0.0
0.5,0.0
0.5,0.0
0.5,0.0
0.5,0.0
0.5,0.0
0.5,0.0
0.5,0.0
0.5,0.0
0.5,0.0
0.5,0.0
0.5,0.0
0.5,0.0
0.5,0.0
0.5,0.0
0.5,0.0
0.5,0.0
0.5,0.0
0.5,0.0
0.5,0.0
0.5,0.0
0.5,0.0
0.5,0.0
0.5,0.0
0.5,0.0
0.5,0.0
0.5,0.0
0.5,0.0
0.5,0.0
0.5,0.0
0.5,0.0
0.5,0.0
0.5,0.0
0.5,0.0
-8.876883405951377,1.5643446504023097
0.36675,0.05909270006609582
0.5,0.0
0.5,0.0
0.5,0.0
0.5,0.0
0.5,0.0
0.5,0.0
0.5,0.0
0.5,0.0
0.5,0.0
0.5,0.0
0.5,0.0
0.5,0.0
0.5,0.0
0.5,0.0
0.5,0.0
0.5,0.0
0.5,0.0
0.5,0.0
0.5,0.0
0.5,0.0
0.5,0.0
0.5,0.0
0.5,0.0
0.5,0.0
0.5,0.0
0.5,0.0
0.5,0.0
0.5,0.0
0.5,0.0
0.5,0.0
0.5,0.0
0.5,0.0
0.5,0.0
0.5,0.0
0.5,0.0
0.5,0.0
0.5,0.0
0.5,0.0
0.5,0.0
0.5,0.0
0.5,0.0
0.5,0.0
0.5,0.0
0.5,0.0
0.5,0.0
0.5,0.0
0.5,0.0
0.5,0.0
0.5,0.0
-8.723699203976766,2.3344536385590553
0.45600000000000007,0.05549523178119895
0.5,0.0
0.5,0.0
0.5,0.0
0.5,0.0
0.5,0.0
0.5,0.0
0.5,0.0
0.5,0.0
0.5,0.0
0.5,0.0
0.5,0.0
0.5,0.0
0.5,0.0
0.5,0.0
0.5,0.0
0.5,0.0
0.5,0.0
0.5,0.0
0.5,0.0
0.5,0.0
0.5,0.0
0.5,0.0
0.5,0.0
0.5,0.0
0.5,0.0
0.5,0.0
0.5,0.0
0.5,0.0
0.5,0.0
0.5,0.0
0.5,0.0
0.5,0.0
0.5,0.0
0.5,0.0
0.5,0.0
0.5,0.0
0.5,0.0
0.5,0.0
0.5,0.0
0.5,0.0
0.5,0.0
0.5,0.0
0.5,0.0
0.5,0.0
0.5,0.0
0.5,0.0
0.5,0.0
0.5,0.0
0.5,0.0
-8.510565162951535,3.090169943749475
0.53125,0.05086445657466278
0.5,0.0
0.5,0.0
0.5,0.0
0.5,0.0
0.5,0.0
0.5,0.0
0.5,0.0
0.5,0.0
0.5,0.0
0.5,0.0
0.5,0.0
0.5,0.0
0.5,0.0
0.5,0.0
0.5,0.0
0.5,0.0
0.5,0.0
0.5,0.0
0.5,0.0
0.5,0.0
0.5,0.0
0.5,0.0
0.5,0.0
0.5,0.0
0.5,0.0
0.5,0.0
0.5,0.0
0.5,0.0
0.5,0.0
0.5,0.0
0.5,0.0
0.5,0.0
0.5,0.0
0.5,0.0
0.5,0.0
0.5,0.0
0.5,0.0
0.5,0.0
0.5,0.0
0.5,0.0
0.5,0.0
0.5,0.0
0.5,0.0
0.5,0.0
0.5,0.0
0.5,0.0
0.5,0.0
0.5,0.0
0.5,0.0
-8.238795325112868,3.826834323650899
0.5940000000000001,0.04612360118015796
0.5,0.0
0.5,0.0
0.5,0.0
0.5,0.0
0.5,0.0
0.5,0.0
0.5,0.0
0.5,0.0
0.5,0.0
0.5,0.0
0.5,0.0
0.5,0.0
0.5,0.0
0.5,0.0
0.5,0.0
0.5,0.0
0.5,0.0
0.5,0.0
0.5,0.0
0.5,0.0
0.5,0.0
0.5,0.0
0.5,0.0
0.5,0.0
0.5,0.0
0.5,0.0
0.5,0.0
0.5,0.0
0.5,0.0
0.5,0.0
0.5,0.0
0.5,0.0
0.5,0.0
0.5,0.0
0.5,0.0
0.5,0.0
0.5,0.0
0.5,0.0
0.5,0.0
0.5,0.0
0.5,0.0
0.5,0.0
0.5,0.0
0.5,0.0
0.5,0.0
0.5,0.0
0.5,0.0
0.5,0.0
0.5,0.0
-7.910065241883679,4.539904997395468
0.64575,0.04170634932735022
0.5,0.0
0.5,0.0
0.5,0.0
0.5,0.0
0.5,0.0
0.5,0.0
0.5,0.0
0.5,0.0
0.5,0.0
0.5,0.0
0.5,0.0
0.5,0.0
0.5,0.0
0.5,0.0
0.5,0.0
0.5,0.0
0.5,0.0
0.5,0.0
0.5,0.0
0.5,0.0
0.5,0.0
0.5,0.0
0.5,0.0
0.5,0.0
0.5,0.0
0.5,0.0
0.5,0.0
0.5,0.0
0.5,0.0
0.5,0.0
0.5,0.0
0.5,0.0
0.5,0.0
0.5,0.0
0.5,0.0
0.5,0.0
0.5,0.0
0.5,0.0
0.5,0.0
0.5,0.0
0.5,0.0
0.5,0.0
0.5,0.0
0.5,0.0
0.5,0.0
0.5,0.0
0.5,0.0
0.5,0.0
0.5,0.0
-7.526401643540922,5.224985647159489
0.688,0.03779641206876961
0.5,0.0
0.5,0.0
0.5,0.0
0.5,0.0
0.5,0.0
0.5,0.0
0.5,0.0
0.5,0.0
0.5,0.0
0.5,0.0
0.5,0.0
0.5,0.0
0.5,0.0
0.5,0.0
0.5,0.0
0.5,0.0
0.5,0.0
0.5,0.0
0.5,0.0
0.5,0.0
0.5,0.0
0.5,0.0
0.5,0.0
0.5,0.0
0.5,0.0
0.5,0.0
0.5,0.0
0.5,0.0
0.5,0.0
0.5,0.0
0.5,0.0
0.5,0.0
0.5,0.0
0.5,0.0
0.5,0.0
0.5,0.0
0.5,0.0
0.5,0.0
0.5,0.0
0.5,0.0
0.5,0.0
0.5,0.0
0.5,0.0
0.5,0.0
0.5,0.0
0.5,0.0
0.5,0.0
0.5,0.0
0.5,0.0
-7.090169943749473,5.877852522924733
0.7222500000000001,0.03444014641297022
0.5,0.0
0.5,0.0
0.5,0.0
0.5,0.0
0.5,0.0
0.5,0.0
0.5,0.0
0.5,0.0
0.5,0.0
0.5,0.0
0.5,0.0
0.5,0.0
0.5,0.0
0.5,0.0
0.5,0.0
0.5,0.0
0.5,0.0
0.5,0.0
0.5,0.0
0.5,0.0
0.5,0.0
0.5,0.0
0.5,0.0
0.5,0.0
0.5,0.0
0.5,0.0
0.5,0.0
0.5,0.0
0.5,0.0
0.5,0.0
0.5,0.0
0.5,0.0
0.5,0.0
0.5,0.0
0.5,0.0
0.5,0.0
0.5,0.0
0.5,0.0
0.5,0.0
0.5,0.0
0.5,0.0
0.5,0.0
0.5,0.0
0.5,0.0
0.5,0.0
0.5,0.0
0.5,0.0
0.5,0.0
0.5,0.0
-6.6040596560003095,6.494480483301838
0.75,0.0316030623051599
0.5,0.0
0.5,0.0
0.5,0.0
0.5,0.0
0.5,0.0
0.5,0.0
0.5,0.0
0.5,0.0
0.5,0.0
0.5,0.0
0.5,0.0
0.5,0.0
0.5,0.0
0.5,0.0
0.5,0.0
0.5,0.0
0.5,0.0
0.5,0.0
0.5,0.0
0.5,0.0
0.5,0.0
0.5,0.0
0.5,0.0
0.5,0.0
0.5,0.0
0.5,0.0
0.5,0.0
0.5,0.0
0.5,0.0
0.5,0.0
0.5,0.0
0.5,0.0
0.5,0.0
0.5,0.0
0.5,0.0
0.5,0.0
0.5,0.0
0.5,0.0
0.5,0.0
0.5,0.0
0.5,0.0
0.5,0.0
0.5,0.0
0.5,0.0
0.5,0.0
0.5,0.0
0.5,0.0
0.5,0.0
0.5,0.0
-6.071067811865475,7.0710678118654755
0.77275,0.029200095887926804
0.5,0.0
0.5,0.0
0.5,0.0
0.5,0.0
0.5,0.0
0.5,0.0
0.5,0.0
0.5,0.0
0.5,0.0
0.5,0.0
0.5,0.0
0.5,0.0
0.5,0.0
0.5,0.0
0.5,0.0
0.5,0.0
0.5,0.0
0.5,0.0
0.5,0.0
0.5,0.0
0.5,0.0
0.5,0.0
0.5,0.0
0.5,0.0
0.5,0.0
0.5,0.0
0.5,0.0
0.5,0.0
0.5,0.0
0.5,0.0
0.5,0.0
0.5,0.0
0.5,0.0
0.5,0.0
0.5,0.0
0.5,0.0
0.5,0.0
0.5,0.0
0.5,0.0
0.5,0.0
0.5,0.0
0.5,0.0
0.5,0.0
0.5,0.0
0.5,0.0
0.5,0.0
0.5,0.0
0.5,0.0
0.5,0.0
-5.494480483301835,7.60405965600031
0.792,0.027113021675100154
0.5,0.0
0.5,0.0
0.5,0.0
0.5,0.0
0.5,0.0
0.5,0.0
0.5,0.0
0.5,0.0
0.5,0.0
0.5,0.0
0.5,0.0
0.5,0.0
0.5,0.0
0.5,0.0
0.5,0.0
0.5,0.0
0.5,0.0
0.5,0.0
0.5,0.0
0.5,0.0
0.5,0.0
0.5,0.0
0.5,0.0
0.5,0.0
0.5,0.0
0.5,0.0
0.5,0.0
0.5,0.0
0.5,0.0
0.5,0.0
0.5,0.0
0.5,0.0
0.5,0.0
0.5,0.0
0.5,0.0
0.5,0.0
0.5,0.0
0.5,0.0
0.5,0.0
0.5,0.0
0.5,0.0
0.5,0.0
0.5,0.0
0.5,0.0
0.5,0.0
0.5,0.0
0.5,0.0
0.5,0.0
0.5,0.0
-4.87785252292473,8.090169943749475
0.80925,0.02520093036617165
0.5,0.0
0.5,0.0
0.5,0.0
0.5,0.0
0.5,0.0
0.5,0.0
0.5,0.0
0.5,0.0
0.5,0.0
0.5,0.0
0.5,0.0
0.5,0.0
0.5,0.0
0.5,0.0
0.5,0.0
0.5,0.0
0.5,0.0
0.5,0.0
0.5,0.0
0.5,0.0
0.5,0.0
0.5,0.0
0.5,0.0
0.5,0.0
0.5,0.0
0.5,0.0
0.5,0.0
0.5,0.0
0.5,0.0
0.5,0.0
0.5,0.0
0.5,0.0
0.5,0.0
0.5,0.0
0.5,0.0
0.5,0.0
0.5,0.0
0.5,0.0
0.5,0.0
0.5,0.0
0.5,0.0
0.5,0.0
0.5,0.0
0.5,0.0
0.5,0.0
0.5,0.0
0.5,0.0
0.5,0.0
0.5,0.0
-4.224985647159488,8.526401643540924
0.8260000000000001,0.023306256217582737
0.5,0.0
0.5,0.0
0.5,0.0
0.5,0.0
0.5,0.0
0.5,0.0
0.5,0.0
0.5,0.0
0.5,0.0
0.5,0.0
0.5,0.0
0.5,0.0
0.5,0.0
0.5,0.0
0.5,0.0
0.5,0.0
0.5,0.0
0.5,0.0
0.5,0.0
0.5,0.0
0.5,0.0
0.5,0.0
0.5,0.0
0.5,0.0
0.5,0.0
0.5,0.0
0.5,0.0
0.5,0.0
0.5,0.0
0.5,0.0
0.5,0.0
0.5,0.0
0.5,0.0
0.5,0.0
0.5,0.0
0.5,0.0
0.5,0.0
0.5,0.0
0.5,0.0
0.5,0.0
0.5,0.0
0.5,0.0
0.5,0.0
0.5,0.0
0.5,0.0
0.5,0.0
0.5,0.0
0.5,0.0
0.5,0.0
-3.5399049973954666,8.910065241883679
0.84375,0.02125727678919095
0.5,0.0
0.5,0.0
0.5,0.0
0.5,0.0
0.5,0.0
0.5,0.0
0.5,0.0
0.5,0.0
0.5,0.0
0.5,0.0
0.5,0.0
0.5,0.0
0.5,0.0
0.5,0.0
0.5,0.0
0.5,0.0
0.5,0.0
0.5,0.0
0.5,0.0
0.5,0.0
0.5,0.0
0.5,0.0
0.5,0.0
0.5,0.0
0.5,0.0
0.5,0.0
0.5,0.0
0.5,0.0
0.5,0.0
0.5,0.0
0.5,0.0
0.5,0.0
0.5,0.0
0.5,0.0
0.5,0.0
0.5,0.0
0.5,0.0
0.5,0.0
0.5,0.0
0.5,0.0
0.5,0.0
0.5,0.0
0.5,0.0
0.5,0.0
0.5,0.0
0.5,0.0
0.5,0.0
0.5,0.0
0.5,0.0
-2.826834323650897,9.238795325112868
0.864,0.018867293854759
0.5,0.0
0.5,0.0
0.5,0.0
0.5,0.0
0.5,0.0
0.5,0.0
0.5,0.0
0.5,0.0
0.5,0.0
0.5,0.0
0.5,0.0
0.5,0.0
0.5,0.0
0.5,0.0
0.5,0.0
0.5,0.0
0.5,0.0
0.5,0.0
0.5,0.0
0.5,0.0
0.5,0.0
0.5,0.0
0.5,0.0
0.5,0.0
0.5,0.0
0.5,0.0
0.5,0.0
0.5,0.0
0.5,0.0
0.5,0.0
0.5,0.0
0.5,0.0
0.5,0.0
0.5,0.0
0.5,0.0
0.5,0.0
0.5,0.0
0.5,0.0
0.5,0.0
0.5,0.0
0.5,0.0
0.5,0.0
0.5,0.0
0.5,0.0
0.5,0.0
0.5,0.0
0.5,0.0
0.5,0.0
0.5,0.0
-2.0901699437494736,9.510565162951536
0.8882500000000001,0.015930275412131687
0.5,0.0
0.5,0.0
0.5,0.0
0.5,0.0
0.5,0.0
0.5,0.0
0.5,0.0
0.5,0.0
0.5,0.0
0.5,0.0
0.5,0.0
0.5,0.0
0.5,0.0
0.5,0.0
0.5,0.0
0.5,0.0
0.5,0.0
0.5,0.0
0.5,0.0
0.5,0.0
0.5,0.0
0.5,0.0
0.5,0.0
0.5,0.0
0.5,0.0
0.5,0.0
0.5,0.0
0.5,0.0
0.5,0.0
0.5,0.0
0.5,0.0
0.5,0.0
0.5,0.0
0.5,0.0
0.5,0.0
0.5,0.0
0.5,0.0
0.5,0.0
0.5,0.0
0.5,0.0
0.5,0.0
0.5,0.0
0.5,0.0
0.5,0.0
0.5,0.0
0.5,0.0
0.5,0.0
0.5,0.0
0.5,0.0
-1.3344536385590535,9.723699203976766
0.918,0.012212223267121649
0.5,0.0
0.5,0.0
0.5,0.0
0.5,0.0
0.5,0.0
0.5,0.0
0.5,0.0
0.5,0.0
0.5,0.0
0.5,0.0
0.5,0.0
0.5,0.0
0.5,0.0
0.5,0.0
0.5,0.0
0.5,0.0
0.5,0.0
0.5,0.0
0.5,0.0
0.5,0.0
0.5,0.0
0.5,0.0
0.5,0.0
0.5,0.0
0.5,0.0
0.5,0.0
0.5,0.0
0.5,0.0
0.5,0.0
0.5,0.0
0.5,0.0
0.5,0.0
0.5,0.0
0.5,0.0
0.5,0.0
0.5,0.0
0.5,0.0
0.5,0.0
0.5,0.0
0.5,0.0
0.5,0.0
0.5,0.0
0.5,0.0
0.5,0.0
0.5,0.0
0.5,0.0
0.5,0.0
0.5,0.0
0.5,0.0
-0.5643446504023082,9.876883405951379
0.9547500000000001,0.007436568356100362
0.5,0.0
0.5,0.0
0.5,0.0
0.5,0.0
0.5,0.0
0.5,0.0
0.5,0.0
0.5,0.0
0.5,0.0
0.5,0.0
0.5,0.0
0.5,0.0
0.5,0.0
0.5,0.0
0.5,0.0
0.5,0.0
0.5,0.0
0.5,0.0
0.5,0.0
0.5,0.0
0.5,0.0
0.5,0.0
0.5,0.0
0.5,0.0
0.5,0.0
0.5,0.0
0.5,0.0
0.5,0.0
0.5,0.0
0.5,0.0
0.5,0.0
0.5,0.0
0.5,0.0
0.5,0.0
0.5,0.0
0.5,0.0
0.5,0.0
0.5,0.0
0.5,0.0
0.5,0.0
0.5,0.0
0.5,0.0
0.5,0.0
0.5,0.0
0.5,0.0
0.5,0.0
0.5,0.0
0.5,0.0
0.5,0.0
0.21540904272155126,9.969173337331279
1.0,0.0
0.5,0.0
0.5,0.0
0.5,0.0
0.5,0.0
0.5,0.0
0.5,0.0
0.5,0.0
0.5,0.0
0.5,0.0
0.5,0.0
0.5,0.0
0.5,0.0
0.5,0.0
0.5,0.0
0.5,0.0
0.5,0.0
0.5,0.0
0.5,0.0
0.5,0.0
0.5,0.0
0.5,0.0
0.5,0.0
0.5,0.0
0.5,0.0
0.5,0.0
0.5,0.0
0.5,0.0
0.5,0.0
0.5,0.0
0.5,0.0
0.5,0.0
0.5,0.0
0.5,0.0
0.5,0.0
0.5,0.0
0.5,0.0
0.5,0.0
0.5,0.0
0.5,0.0
0.5,0.0
0.5,0.0
0.5,0.0
0.5,0.0
0.5,0.0
0.5,0.0
0.5,0.0
0.5,0.0
0.5,0.0
0.5,0.0
1.0000000000000007,10.0
1.0608623981433807,0.0
0.5,0.0
0.5,0.0
0.5,0.0
0.5,0.0
0.5,0.0
0.5,0.0
0.5,0.0
0.5,0.0
0.5,0.0
0.5,0.0
0.5,0.0
0.5,0.0
0.5,0.0
0.5,0.0
0.5,0.0
0.5,0.0
0.5,0.0
0.5,0.0
0.5,0.0
0.5,0.0
0.5,0.0
0.5,0.0
0.5,0.0
0.5,0.0
0.5,0.0
0.5,0.0
0.5,0.0
0.5,0.0
0.5,0.0
0.5,0.0
0.5,0.0
0.5,0.0
0.5,0.0
0.5,0.0
0.5,0.0
0.5,0.0
0.5,0.0
0.5,0.0
0.5,0.0
0.5,0.0
0.5,0.0
0.5,0.0
0.5,0.0
0.5,0.0
0.5,0.0
0.5,0.0
0.5,0.0
0.5,0.0
0.5,0.0
1.0608623981433807,10.0
1.1224525871073343,0.0
0.5,0.0
0.5,0.0
0.5,0.0
0.5,0.0
0.5,0.0
0.5,0.0
0.5,0.0
0.5,0.0
0.5,0.0
0.5,0.0
0.5,0.0
0.5,0.0
0.5,0.0
0.5,0.0
0.5,0.0
0.5,0.0
0.5,0.0
0.5,0.0
0.5,0.0
0.5,0.0
0.5,0.0
0.5,0.0
0.5,0.0
0.5,0.0
0.5,0.0
0.5,0.0
0.5,0.0
0.5,0.0
0.5,0.0
0.5,0.0
0.5,0.0
0.5,0.0
0.5,0.0
0.5,0.0
0.5,0.0
0.5,0.0
0.5,0.0
0.5,0.0
0.5,0.0
0.5,0.0
0.5,0.0
0.5,0.0
0.5,0.0
0.5,0.0
0.5,0.0
0.5,0.0
0.5,0.0
0.5,0.0
0.5,0.0
1.1224525871073343,10.0
1.1847881835677603,0.0
0.5,0.0
0.5,0.0
0.5,0.0
0.5,0.0
0.5,0.0
0.5,0.0
0.5,0.0
0.5,0.0
0.5,0.0
0.5,0.0
0.5,0.0
0.5,0.0
0.5,0.0
0.5,0.0
0.5,0.0
0.5,0.0
0.5,0.0
0.5,0.0
0.5,0.0
0.5,0.0
0.5,0.0
0.5,0.0
0.5,0.0
0.5,0.0
0.5,0.0
0.5,0.0
0.5,0.0
0.5,0.0
0.5,0.0
0.5,0.0
0.5,0.0
0.5,0.0
0.5,0.0
0.5,0.0
0.5,0.0
0.5,0.0
0.5,0.0
0.5,0.0
0.5,0.0
0.5,0.0
0.5,0.0
0.5,0.0
0.5,0.0
0.5,0.0
0.5,0.0
0.5,0.0
0.5,0.0
0.5,0.0
0.5,0.0
1.1847881835677603,10.0
1.2478874516804859,0.0
0.5,0.0
0.5,0.0
0.5,0.0
0.5,0.0
0.5,0.0
0.5,0.0
0.5,0.0
0.5,0.0
0.5,0.0
0.5,0.0
0.5,0.0
0.5,0.0
0.5,0.0
0.5,0.0
0.5,0.0
0.5,0.0
0.5,0.0
0.5,0.0
0.5,0.0
0.5,0.0
0.5,0.0
0.5,0.0
0.5,0.0
0.5,0.0
0.5,0.0
0.5,0.0
0.5,0.0
0.5,0.0
0.5,0.0
0.5,0.0
0.5,0.0
0.5,0.0
0.5,0.0
0.5,0.0
0.5,0.0
0.5,0.0
0.5,0.0
0.5,0.0
0.5,0.0
0.5,0.0
0.5,0.0
0.5,0.0
0.5,0.0
0.5,0.0
0.5,0.0
0.5,0.0
0.5,0.0
0.5,0.0
0.5,0.0
1.2478874516804859,10.0
1.3117693352050341,0.0
0.5,0.0
0.5,0.0
0.5,0.0
0.5,0.0
0.5,0.0
0.5,0.0
0.5,0.0
0.5,0.0
0.5,0.0
0.5,0.0
0.5,0.0
0.5,0.0
0.5,0.0
0.5,0.0
0.5,0.0
0.5,0.0
0.5,0.0
0.5,0.0
0.5,0.0
0.5,0.0
0.5,0.0
0.5,0.0
0.5,0.0
0.5,0.0
0.5,0.0
0.5,0.0
0.5,0.0
0.5,0.0
0.5,0.0
0.5,0.0
0.5,0.0
0.5,0.0
0.5,0.0
0.5,0.0
0.5,0.0
0.5,0.0
0.5,0.0
0.5,0.0
0.5,0.0
0.5,0.0
0.5,0.0
0.5,0.0
0.5,0.0
0.5,0.0
0.5,0.0
0.5,0.0
0.5,0.0
0.5,0.0
0.5,0.0
1.3117693352050341,10.0
1.3764534916456606,0.0
0.5,0.0
0.5,0.0
0.5,0.0
0.5,0.0
0.5,0.0
0.5,0.0
0.5,0.0
0.5,0.0
0.5,0.0
0.5,0.0
0.5,0.0
0.5,0.0
0.5,0.0
0.5,0.0
0.5,0.0
0.5,0.0
0.5,0.0
0.5,0.0
0.5,0.0
0.5,0.0
0.5,0.0
0.5,0.0
0.5,0.0
0.5,0.0
0.5,0.0
0.5,0.0
0.5,0.0
0.5,0.0
0.5,0.0
0.5,0.0
0.5,0.0
0.5,0.0
0.5,0.0
0.5,0.0
0.5,0.0
0.5,0.0
0.5,0.0
0.5,0.0
0.5,0.0
0.5,0.0
0.5,0.0
0.5,0.0
0.5,0.0
0.5,0.0
0.5,0.0
0.5,0.0
0.5,0.0
0.5,0.0
0.5,0.0
1.3764534916456606,10.0
1.4419603285635918,0.0
0.5,0.0
0.5,0.0
0.5,0.0
0.5,0.0
0.5,0.0
0.5,0.0
0.5,0.0
0.5,0.0
0.5,0.0
0.5,0.0
0.5,0.0
0.5,0.0
0.5,0.0
0.5,0.0
0.5,0.0
0.5,0.0
0.5,0.0
0.5,0.0
0.5,0.0
0.5,0.0
0.5,0.0
0.5,0.0
0.5,0.0
0.5,0.0
0.5,0.0
0.5,0.0
0.5,0.0
0.5,0.0
0.5,0.0
0.5,0.0
0.5,0.0
0.5,0.0
0.5,0.0
0.5,0.0
0.5,0.0
0.5,0.0
0.5,0.0
0.5,0.0
0.5,0.0
0.5,0.0
0.5,0.0
0.5,0.0
0.5,0.0
0.5,0.0
0.5,0.0
0.5,0.0
0.5,0.0
0.5,0.0
0.5,0.0
1.4419603285635918,10.0
1.5083110422283141,0.0
0.5,0.0
0.5,0.0
0.5,0.0
0.5,0.0
0.5,0.0
0.5,0.0
0.5,0.0
0.5,0.0
0.5,0.0
0.5,0.0
0.5,0.0
0.5,0.0
0.5,0.0
0.5,0.0
0.5,0.0
0.5,0.0
0.5,0.0
0.5,0.0
0.5,0.0
0.5,0.0
0.5,0.0
0.5,0.0
0.5,0.0
0.5,0.0
0.5,0.0
0.5,0.0
0.5,0.0
0.5,0.0
0.5,0.0
0.5,0.0
0.5,0.0
0.5,0.0
0.5,0.0
0.5,0.0
0.5,0.0
0.5,0.0
0.5,0.0
0.5,0.0
0.5,0.0
0.5,0.0
0.5,0.0
0.5,0.0
0.5,0.0
0.5,0.0
0.5,0.0
0.5,0.0
0.5,0.0
0.5,0.0
0.5,0.0
1.5083110422283141,10.0
1.5755276587910807,0.0
0.5,0.0
0.5,0.0
0.5,0.0
0.5,0.0
0.5,0.0
0.5,0.0
0.5,0.0
0.5,0.0
0.5,0.0
0.5,0.0
0.5,0.0
0.5,0.0
0.5,0.0
0.5,0.0
0.5,0.0
0.5,0.0
0.5,0.0
0.5,0.0
0.5,0.0
0.5,0.0
0.5,0.0
0.5,0.0
0.5,0.0
0.5,0.0
0.5,0.0
0.5,0.0
0.5,0.0
0.5,0.0
0.5,0.0
0.5,0.0
0.5,0.0
0.5,0.0
0.5,0.0
0.5,0.0
0.5,0.0
0.5,0.0
0.5,0.0
0.5,0.0
0.5,0.0
0.5,0.0
0.5,0.0
0.5,0.0
0.5,0.0
0.5,0.0
0.5,0.0
0.5,0.0
0.5,0.0
0.5,0.0
0.5,0.0
1.5755276587910807,10.0
1.6436330781807298,0.0
0.5,0.0
0.5,0.0
0.5,0.0
0.5,0.0
0.5,0.0
0.5,0.0
0.5,0.0
0.5,0.0
0.5,0.0
0.5,0.0
0.5,0.0
0.5,0.0
0.5,0.0
0.5,0.0
0.5,0.0
0.5,0.0
0.5,0.0
0.5,0.0
0.5,0.0
0.5,0.0
0.5,0.0
0.5,0.0
0.5,0.0
0.5,0.0
0.5,0.0
0.5,0.0
0.5,0.0
0.5,0.0
0.5,0.0
0.5,0.0
0.5,0.0
0.5,0.0
0.5,0.0
0.5,0.0
0.5,0.0
0.5,0.0
0.5,0.0
0.5,0.0
0.5,0.0
0.5,0.0
0.5,0.0
0.5,0.0
0.5,0.0
0.5,0.0
0.5,0.0
0.5,0.0
0.5,0.0
0.5,0.0
0.5,0.0
1.6436330781807298,10.0
1.712651120940743,0.0
0.5,0.0
0.5,0.0
0.5,0.0
0.5,0.0
0.5,0.0
0.5,0.0
0.5,0.0
0.5,0.0
0.5,0.0
0.5,0.0
0.5,0.0
0.5,0.0
0.5,0.0
0.5,0.0
0.5,0.0
0.5,0.0
0.5,0.0
0.5,0.0
0.5,0.0
0.5,0.0
0.5,0.0
0.5,0.0
0.5,0.0
0.5,0.0
0.5,0.0
0.5,0.0
0.5,0.0
0.5,0.0
0.5,0.0
0.5,0.0
0.5,0.0
0.5,0.0
0.5,0.0
0.5,0.0
0.5,0.0
0.5,0.0
0.5,0.0
0.5,0.0
0.5,0.0
0.5,0.0
0.5,0.0
0.5,0.0
0.5,0.0
0.5,0.0
0.5,0.0
0.5,0.0
0.5,0.0
0.5,0.0
0.5,0.0
1.712651120940743,10.0
1.7826065782472265,0.0
0.5,0.0
0.5,0.0
0.5,0.0
0.5,0.0
0.5,0.0
0.5,0.0
0.5,0.0
0.5,0.0
0.5,0.0
0.5,0.0
0.5,0.0
0.5,0.0
0.5,0.0
0.5,0.0
0.5,0.0
0.5,0.0
0.5,0.0
0.5,0.0
0.5,0.0
0.5,0.0
0.5,0.0
0.5,0.0
0.5,0.0
0.5,0.0
0.5,0.0
0.5,0.0
0.5,0.0
0.5,0.0
0.5,0.0
0.5,0.0
0.5,0.0
0.5,0.0
0.5,0.0
0.5,0.0
0.5,0.0
0.5,0.0
0.5,0.0
0.5,0.0
0.5,0.0
0.5,0.0
0.5,0.0
0.5,0.0
0.5,0.0
0.5,0.0
0.5,0.0
0.5,0.0
0.5,0.0
0.5,0.0
0.5,0.0
1.7826065782472265,10.0
1.8535252653706324,0.0
0.5,0.0
0.5,0.0
0.5,0.0
0.5,0.0
0.5,0.0
0.5,0.0
0.5,0.0
0.5,0.0
0.5,0.0
0.5,0.0
0.5,0.0
0.5,0.0
0.5,0.0
0.5,0.0
0.5,0.0
0.5,0.0
0.5,0.0
0.5,0.0
0.5,0.0
0.5,0.0
0.5,0.0
0.5,0.0
0.5,0.0
0.5,0.0
0.5,0.0
0.5,0.0
0.5,0.0
0.5,0.0
0.5,0.0
0.5,0.0
0.5,0.0
0.5,0.0
0.5,0.0
0.5,0.0
0.5,0.0
0.5,0.0
0.5,0.0
0.5,0.0
0.5,0.0
0.5,0.0
0.5,0.0
0.5,0.0
0.5,0.0
0.5,0.0
0.5,0.0
0.5,0.0
0.5,0.0
0.5,0.0
0.5,0.0
1.8535252653706324,10.0
1.925434078869726,0.0
0.5,0.0
0.5,0.0
0.5,0.0
0.5,0.0
0.5,0.0
0.5,0.0
0.5,0.0
0.5,0.0
0.5,0.0
0.5,0.0
0.5,0.0
0.5,0.0
0.5,0.0
0.5,0.0
0.5,0.0
0.5,0.0
0.5,0.0
0.5,0.0
0.5,0.0
0.5,0.0
0.5,0.0
0.5,0.0
0.5,0.0
0.5,0.0
0.5,0.0
0.5,0.0
0.5,0.0
0.5,0.0
0.5,0.0
0.5,0.0
0.5,0.0
0.5,0.0
0.5,0.0
0.5,0.0
0.5,0.0
0.5,0.0
0.5,0.0
0.5,0.0
0.5,0.0
0.5,0.0
0.5,0.0
0.5,0.0
0.5,0.0
0.5,0.0
0.5,0.0
0.5,0.0
0.5,0.0
0.5,0.0
0.5,0.0
1.925434078869726,10.0
1.9983610578348951,0.0
0.5,0.0
0.5,0.0
0.5,0.0
0.5,0.0
0.5,0.0
0.5,0.0
0.5,0.0
0.5,0.0
0.5,0.0
0.5,0.0
0.5,0.0
0.5,0.0
0.5,0.0
0.5,0.0
0.5,0.0
0.5,0.0
0.5,0.0
0.5,0.0
0.5,0.0
0.5,0.0
0.5,0.0
0.5,0.0
0.5,0.0
0.5,0.0
0.5,0.0
0.5,0.0
0.5,0.0
0.5,0.0
0.5,0.0
0.5,0.0
0.5,0.0
0.5,0.0
0.5,0.0
0.5,0.0
0.5,0.0
0.5,0.0
0.5,0.0
0.5,0.0
0.5,0.0
0.5,0.0
0.5,0.0
0.5,0.0
0.5,0.0
0.5,0.0
0.5,0.0
0.5,0.0
0.5,0.0
0.5,0.0
0.5,0.0
1.9983610578348951,10.0
2.072335449529768,0.0
0.5,0.0
0.5,0.0
0.5,0.0
0.5,0.0
0.5,0.0
0.5,0.0
0.5,0.0
0.5,0.0
0.5,0.0
0.5,0.0
0.5,0.0
0.5,0.0
0.5,0.0
0.5,0.0
0.5,0.0
0.5,0.0
0.5,0.0
0.5,0.0
0.5,0.0
0.5,0.0
0.5,0.0
0.5,0.0
0.5,0.0
0.5,0.0
0.5,0.0
0.5,0.0
0.5,0.0
0.5,0.0
0.5,0.0
0.5,0.0
0.5,0.0
0.5,0.0
0.5,0.0
0.5,0.0
0.5,0.0
0.5,0.0
0.5,0.0
0.5,0.0
0.5,0.0
0.5,0.0
0.5,0.0
0.5,0.0
0.5,0.0
0.5,0.0
0.5,0.0
0.5,0.0
0.5,0.0
0.5,0.0
0.5,0.0
2.072335449529768,10.0
2.147387779815741,0.0
0.5,0.0
0.5,0.0
0.5,0.0
0.5,0.0
0.5,0.0
0.5,0.0
0.5,0.0
0.5,0.0
0.5,0.0
0.5,0.0
0.5,0.0
0.5,0.0
0.5,0.0
0.5,0.0
0.5,0.0
0.5,0.0
0.5,0.0
0.5,0.0
0.5,0.0
0.5,0.0
0.5,0.0
0.5,0.0
0.5,0.0
0.5,0.0
0.5,0.0
0.5,0.0
0.5,0.0
0.5,0.0
0.5,0.0
0.5,0.0
0.5,0.0
0.5,0.0
0.5,0.0
0.5,0.0
0.5,0.0
0.5,0.0
0.5,0.0
0.5,0.0
0.5,0.0
0.5,0.0
0.5,0.0
0.5,0.0
0.5,0.0
0.5,0.0
0.5,0.0
0.5,0.0
0.5,0.0
0.5,0.0
0.5,0.0
2.147387779815741,10.0
2.2235499287837888,0.0
0.5,0.0
0.5,0.0
0.5,0.0
0.5,0.0
0.5,0.0
0.5,0.0
0.5,0.0
0.5,0.0
0.5,0.0
0.5,0.0
0.5,0.0
0.5,0.0
0.5,0.0
0.5,0.0
0.5,0.0
0.5,0.0
0.5,0.0
0.5,0.0
0.5,0.0
0.5,0.0
0.5,0.0
0.5,0.0
0.5,0.0
0.5,0.0
0.5,0.0
0.5,0.0
0.5,0.0
0.5,0.0
0.5,0.0
0.5,0.0
0.5,0.0
0.5,0.0
0.5,0.0
0.5,0.0
0.5,0.0
0.5,0.0
0.5,0.0
0.5,0.0
0.5,0.0
0.5,0.0
0.5,0.0
0.5,0.0
0.5,0.0
0.5,0.0
0.5,0.0
0.5,0.0
0.5,0.0
0.5,0.0
0.5,0.0
2.2235499287837888,10.0
2.300855212062558,0.0
0.5,0.0
0.5,0.0
0.5,0.0
0.5,0.0
0.5,0.0
0.5,0.0
0.5,0.0
0.5,0.0
0.5,0.0
0.5,0.0
0.5,0.0
0.5,0.0
0.5,0.0
0.5,0.0
0.5,0.0
0.5,0.0
0.5,0.0
0.5,0.0
0.5,0.0
0.5,0.0
0.5,0.0
0.5,0.0
0.5,0.0
0.5,0.0
0.5,0.0
0.5,0.0
0.5,0.0
0.5,0.0
0.5,0.0
0.5,0.0
0.5,0.0
0.5,0.0
0.5,0.0
0.5,0.0
0.5,0.0
0.5,0.0
0.5,0.0
0.5,0.0
0.5,0.0
0.5,0.0
0.5,0.0
0.5,0.0
0.5,0.0
0.5,0.0
0.5,0.0
0.5,0.0
0.5,0.0
0.5,0.0
0.5,0.0
2.300855212062558,10.0
2.379338468321749,0.0
0.5,0.0
0.5,0.0
0.5,0.0
0.5,0.0
0.5,0.0
0.5,0.0
0.5,0.0
0.5,0.0
0.5,0.0
0.5,0.0
0.5,0.0
0.5,0.0
0.5,0.0
0.5,0.0
0.5,0.0
0.5,0.0
0.5,0.0
0.5,0.0
0.5,0.0
0.5,0.0
0.5,0.0
0.5,0.0
0.5,0.0
0.5,0.0
0.5,0.0
0.5,0.0
0.5,0.0
0.5,0.0
0.5,0.0
0.5,0.0
0.5,0.0
0.5,0.0
0.5,0.0
0.5,0.0
0.5,0.0
0.5,0.0
0.5,0.0
0.5,0.0
0.5,0.0
0.5,0.0
0.5,0.0
0.5,0.0
0.5,0.0
0.5,0.0
0.5,0.0
0.5,0.0
0.5,0.0
0.5,0.0
0.5,0.0
2.379338468321749,10.0
2.459036153546033,0.0
0.5,0.0
0.5,0.0
0.5,0.0
0.5,0.0
0.5,0.0
0.5,0.0
0.5,0.0
0.5,0.0
0.5,0.0
0.5,0.0
0.5,0.0
0.5,0.0
0.5,0.0
0.5,0.0
0.5,0.0
0.5,0.0
0.5,0.0
0.5,0.0
0.5,0.0
0.5,0.0
0.5,0.0
0.5,0.0
0.5,0.0
0.5,0.0
0.5,0.0
0.5,0.0
0.5,0.0
0.5,0.0
0.5,0.0
0.5,0.0
0.5,0.0
0.5,0.0
0.5,0.0
0.5,0.0
0.5,0.0
0.5,0.0
0.5,0.0
0.5,0.0
0.5,0.0
0.5,0.0
0.5,0.0
0.5,0.0
0.5,0.0
0.5,0.0
0.5,0.0
0.5,0.0
0.5,0.0
0.5,0.0
0.5,0.0
2.459036153546033,10.0
2.5399864427180363,0.0
0.5,0.0
0.5,0.0
0.5,0.0
0.5,0.0
0.5,0.0
0.5,0.0
0.5,0.0
0.5,0.0
0.5,0.0
0.5,0.0
0.5,0.0
0.5,0.0
0.5,0.0
0.5,0.0
0.5,0.0
0.5,0.0
0.5,0.0
0.5,0.0
0.5,0.0
0.5,0.0
0.5,0.0
0.5,0.0
0.5,0.0
0.5,0.0
0.5,0.0
0.5,0.0
0.5,0.0
0.5,0.0
0.5,0.0
0.5,0.0
0.5,0.0
0.5,0.0
0.5,0.0
0.5,0.0
0.5,0.0
0.5,0.0
0.5,0.0
0.5,0.0
0.5,0.0
0.5,0.0
0.5,0.0
0.5,0.0
0.5,0.0
0.5,0.0
0.5,0.0
0.5,0.0
0.5,0.0
0.5,0.0
0.5,0.0
2.5399864427180363,10.0
2.622229339620305,0.0
0.5,0.0
0.5,0.0
0.5,0.0
0.5,0.0
0.5,0.0
0.5,0.0
0.5,0.0
0.5,0.0
0.5,0.0
0.5,0.0
0.5,0.0
0.5,0.0
0.5,0.0
0.5,0.0
0.5,0.0
0.5,0.0
0.5,0.0
0.5,0.0
0.5,0.0
0.5,0.0
0.5,0.0
0.5,0.0
0.5,0.0
0.5,0.0
0.5,0.0
0.5,0.0
0.5,0.0
0.5,0.0
0.5,0.0
0.5,0.0
0.5,0.0
0.5,0.0
0.5,0.0
0.5,0.0
0.5,0.0
0.5,0.0
0.5,0.0
0.5,0.0
0.5,0.0
0.5,0.0
0.5,0.0
0.5,0.0
0.5,0.0
0.5,0.0
0.5,0.0
0.5,0.0
0.5,0.0
0.5,0.0
0.5,0.0
2.622229339620305,10.0
2.705806795546816,0.0
0.5,0.0
0.5,0.0
0.5,0.0
0.5,0.0
0.5,0.0
0.5,0.0
0.5,0.0
0.5,0.0
0.5,0.0
0.5,0.0
0.5,0.0
0.5,0.0
0.5,0.0
0.5,0.0
0.5,0.0
0.5,0.0
0.5,0.0
0.5,0.0
0.5,0.0
0.5,0.0
0.5,0.0
0.5,0.0
0.5,0.0
0.5,0.0
0.5,0.0
0.5,0.0
0.5,0.0
0.5,0.0
0.5,0.0
0.5,0.0
0.5,0.0
0.5,0.0
0.5,0.0
0.5,0.0
0.5,0.0
0.5,0.0
0.5,0.0
0.5,0.0
0.5,0.0
0.5,0.0
0.5,0.0
0.5,0.0
0.5,0.0
0.5,0.0
0.5,0.0
0.5,0.0
0.5,0.0
0.5,0.0
0.5,0.0
2.705806795546816,10.0
2.7907628378058953,0.0
0.5,0.0
0.5,0.0
0.5,0.0
0.5,0.0
0.5,0.0
0.5,0.0
0.5,0.0
0.5,0.0
0.5,0.0
0.5,0.0
0.5,0.0
0.5,0.0
0.5,0.0
0.5,0.0
0.5,0.0
0.5,0.0
0.5,0.0
0.5,0.0
0.5,0.0
0.5,0.0
0.5,0.0
0.5,0.0
0.5,0.0
0.5,0.0
0.5,0.0
0.5,0.0
0.5,0.0
0.5,0.0
0.5,0.0
0.5,0.0
0.5,0.0
0.5,0.0
0.5,0.0
0.5,0.0
0.5,0.0
0.5,0.0
0.5,0.0
0.5,0.0
0.5,0.0
0.5,0.0
0.5,0.0
0.5,0.0
0.5,0.0
0.5,0.0
0.5,0.0
0.5,0.0
0.5,0.0
0.5,0.0
0.5,0.0
2.7907628378058953,10.0
2.877143708999929,0.0
0.5,0.0
0.5,0.0
0.5,0.0
0.5,0.0
0.5,0.0
0.5,0.0
0.5,0.0
0.5,0.0
0.5,0.0
0.5,0.0
0.5,0.0
0.5,0.0
0.5,0.0
0.5,0.0
0.5,0.0
0.5,0.0
0.5,0.0
0.5,0.0
0.5,0.0
0.5,0.0
0.5,0.0
0.5,0.0
0.5,0.0
0.5,0.0
0.5,0.0
0.5,0.0
0.5,0.0
0.5,0.0
0.5,0.0
0.5,0.0
0.5,0.0
0.5,0.0
0.5,0.0
0.5,0.0
0.5,0.0
0.5,0.0
0.5,0.0
0.5,0.0
0.5,0.0
0.5,0.0
0.5,0.0
0.5,0.0
0.5,0.0
0.5,0.0
0.5,0.0
0.5,0.0
0.5,0.0
0.5,0.0
0.5,0.0
2.877143708999929,10.0
2.96499801818496,0.0
0.5,0.0
0.5,0.0
0.5,0.0
0.5,0.0
0.5,0.0
0.5,0.0
0.5,0.0
0.5,0.0
0.5,0.0
0.5,0.0
0.5,0.0
0.5,0.0
0.5,0.0
0.5,0.0
0.5,0.0
0.5,0.0
0.5,0.0
0.5,0.0
0.5,0.0
0.5,0.0
0.5,0.0
0.5,0.0
0.5,0.0
0.5,0.0
0.5,0.0
0.5,0.0
0.5,0.0
0.5,0.0
0.5,0.0
0.5,0.0
0.5,0.0
0.5,0.0
0.5,0.0
0.5,0.0
0.5,0.0
0.5,0.0
0.5,0.0
0.5,0.0
0.5,0.0
0.5,0.0
0.5,0.0
0.5,0.0
0.5,0.0
0.5,0.0
0.5,0.0
0.5,0.0
0.5,0.0
0.5,0.0
0.5,0.0
2.96499801818496,10.0
3.054376905147241,0.0
0.5,0.0
0.5,0.0
0.5,0.0
0.5,0.0
0.5,0.0
0.5,0.0
0.5,0.0
0.5,0.0
0.5,0.0
0.5,0.0
0.5,0.0
0.5,0.0
0.5,0.0
0.5,0.0
0.5,0.0
0.5,0.0
0.5,0.0
0.5,0.0
0.5,0.0
0.5,0.0
0.5,0.0
0.5,0.0
0.5,0.0
0.5,0.0
0.5,0.0
0.5,0.0
0.5,0.0
0.5,0.0
0.5,0.0
0.5,0.0
0.5,0.0
0.5,0.0
0.5,0.0
0.5,0.0
0.5,0.0
0.5,0.0
0.5,0.0
0.5,0.0
0.5,0.0
0.5,0.0
0.5,0.0
0.5,0.0
0.5,0.0
0.5,0.0
0.5,0.0
0.5,0.0
0.5,0.0
0.5,0.0
0.5,0.0
3.054376905147241,10.0
3.1453342191868012,0.0
0.5,0.0
0.5,0.0
0.5,0.0
0.5,0.0
0.5,0.0
0.5,0.0
0.5,0.0
0.5,0.0
0.5,0.0
0.5,0.0
0.5,0.0
0.5,0.0
0.5,0.0
0.5,0.0
0.5,0.0
0.5,0.0
0.5,0.0
0.5,0.0
0.5,0.0
0.5,0.0
0.5,0.0
0.5,0.0
0.5,0.0
0.5,0.0
0.5,0.0
0.5,0.0
0.5,0.0
0.5,0.0
0.5,0.0
0.5,0.0
0.5,0.0
0.5,0.0
0.5,0.0
0.5,0.0
0.5,0.0
0.5,0.0
0.5,0.0
0.5,0.0
0.5,0.0
0.5,0.0
0.5,0.0
0.5,0.0
0.5,0.0
0.5,0.0
0.5,0.0
0.5,0.0
0.5,0.0
0.5,0.0
0.5,0.0
3.1453342191868012,10.0
3.237926713972992,0.0
0.5,0.0
0.5,0.0
0.5,0.0
0.5,0.0
0.5,0.0
0.5,0.0
0.5,0.0
0.5,0.0
0.5,0.0
0.5,0.0
0.5,0.0
0.5,0.0
0.5,0.0
0.5,0.0
0.5,0.0
0.5,0.0
0.5,0.0
0.5,0.0
0.5,0.0
0.5,0.0
0.5,0.0
0.5,0.0
0.5,0.0
0.5,0.0
0.5,0.0
0.5,0.0
0.5,0.0
0.5,0.0
0.5,0.0
0.5,0.0
0.5,0.0
0.5,0.0
0.5,0.0
0.5,0.0
0.5,0.0
0.5,0.0
0.5,0.0
0.5,0.0
0.5,0.0
0.5,0.0
0.5,0.0
0.5,0.0
0.5,0.0
0.5,0.0
0.5,0.0
0.5,0.0
0.5,0.0
0.5,0.0
0.5,0.0
3.237926713972992,10.0
3.3322142602376115,0.0
0.5,0.0
0.5,0.0
0.5,0.0
0.5,0.0
0.5,0.0
0.5,0.0
0.5,0.0
0.5,0.0
0.5,0.0
0.5,0.0
0.5,0.0
0.5,0.0
0.5,0.0
0.5,0.0
0.5,0.0
0.5,0.0
0.5,0.0
0.5,0.0
0.5,0.0
0.5,0.0
0.5,0.0
0.5,0.0
0.5,0.0
0.5,0.0
0.5,0.0
0.5,0.0
0.5,0.0
0.5,0.0
0.5,0.0
0.5,0.0
0.5,0.0
0.5,0.0
0.5,0.0
0.5,0.0
0.5,0.0
0.5,0.0
0.5,0.0
0.5,0.0
0.5,0.0
0.5,0.0
0.5,0.0
0.5,0.0
0.5,0.0
0.5,0.0
0.5,0.0
0.5,0.0
0.5,0.0
0.5,0.0
0.5,0.0
3.3322142602376115,10.0
3.4282600783016486,0.0
0.5,0.0
0.5,0.0
0.5,0.0
0.5,0.0
0.5,0.0
0.5,0.0
0.5,0.0
0.5,0.0
0.5,0.0
0.5,0.0
0.5,0.0
0.5,0.0
0.5,0.0
0.5,0.0
0.5,0.0
0.5,0.0
0.5,0.0
0.5,0.0
0.5,0.0
0.5,0.0
0.5,0.0
0.5,0.0
0.5,0.0
0.5,0.0
0.5,0.0
0.5,0.0
0.5,0.0
0.5,0.0
0.5,0.0
0.5,0.0
0.5,0.0
0.5,0.0
0.5,0.0
0.5,0.0
0.5,0.0
0.5,0.0
0.5,0.0
0.5,0.0
0.5,0.0
0.5,0.0
0.5,0.0
0.5,0.0
0.5,0.0
0.5,0.0
0.5,0.0
0.5,0.0
0.5,0.0
0.5,0.0
0.5,0.0
3.4282600783016486,10.0
3.526130992697314,0.0
0.5,0.0
0.5,0.0
0.5,0.0
0.5,0.0
0.5,0.0
0.5,0.0
0.5,0.0
0.5,0.0
0.5,0.0
0.5,0.0
0.5,0.0
0.5,0.0
0.5,0.0
0.5,0.0
0.5,0.0
0.5,0.0
0.5,0.0
0.5,0.0
0.5,0.0
0.5,0.0
0.5,0.0
0.5,0.0
0.5,0.0
0.5,0.0
0.5,0.0
0.5,0.0
0.5,0.0
0.5,0.0
0.5,0.0
0.5,0.0
0.5,0.0
0.5,0.0
0.5,0.0
0.5,0.0
0.5,0.0
0.5,0.0
0.5,0.0
0.5,0.0
0.5,0.0
0.5,0.0
0.5,0.0
0.5,0.0
0.5,0.0
0.5,0.0
0.5,0.0
0.5,0.0
0.5,0.0
0.5,0.0
0.5,0.0
3.526130992697314,10.0
3.625897711453674,0.0
0.5,0.0
0.5,0.0
0.5,0.0
0.5,0.0
0.5,0.0
0.5,0.0
0.5,0.0
0.5,0.0
0.5,0.0
0.5,0.0
0.5,0.0
0.5,0.0
0.5,0.0
0.5,0.0
0.5,0.0
0.5,0.0
0.5,0.0
0.5,0.0
0.5,0.0
0.5,0.0
0.5,0.0
0.5,0.0
0.5,0.0
0.5,0.0
0.5,0.0
0.5,0.0
0.5,0.0
0.5,0.0
0.5,0.0
0.5,0.0
0.5,0.0
0.5,0.0
0.5,0.0
0.5,0.0
0.5,0.0
0.5,0.0
0.5,0.0
0.5,0.0
0.5,0.0
0.5,0.0
0.5,0.0
0.5,0.0
0.5,0.0
0.5,0.0
0.5,0.0
0.5,0.0
0.5,0.0
0.5,0.0
0.5,0.0
3.625897711453674,10.0
3.7276351329694375,0.0
0.5,0.0
0.5,0.0
0.5,0.0
0.5,0.0
0.5,0.0
0.5,0.0
0.5,0.0
0.5,0.0
0.5,0.0
0.5,0.0
0.5,0.0
0.5,0.0
0.5,0.0
0.5,0.0
0.5,0.0
0.5,0.0
0.5,0.0
0.5,0.0
0.5,0.0
0.5,0.0
0.5,0.0
0.5,0.0
0.5,0.0
0.5,0.0
0.5,0.0
0.5,0.0
0.5,0.0
0.5,0.0
0.5,0.0
0.5,0.0
0.5,0.0
0.5,0.0
0.5,0.0
0.5,0.0
0.5,0.0
0.5,0.0
0.5,0.0
0.5,0.0
0.5,0.0
0.5,0.0
0.5,0.0
0.5,0.0
0.5,0.0
0.5,0.0
0.5,0.0
0.5,0.0
0.5,0.0
0.5,0.0
0.5,0.0
3.7276351329694375,10.0
3.8314226838089134,0.0
0.5,0.0
0.5,0.0
0.5,0.0
0.5,0.0
0.5,0.0
0.5,0.0
0.5,0.0
0.5,0.0
0.5,0.0
0.5,0.0
0.5,0.0
0.5,0.0
0.5,0.0
0.5,0.0
0.5,0.0
0.5,0.0
0.5,0.0
0.5,0.0
0.5,0.0
0.5,0.0
0.5,0.0
0.5,0.0
0.5,0.0
0.5,0.0
0.5,0.0
0.5,0.0
0.5,0.0
0.5,0.0
0.5,0.0
0.5,0.0
0.5,0.0
0.5,0.0
0.5,0.0
0.5,0.0
0.5,0.0
0.5,0.0
0.5,0.0
0.5,0.0
0.5,0.0
0.5,0.0
0.5,0.0
0.5,0.0
0.5,0.0
0.5,0.0
0.5,0.0
0.5,0.0
0.5,0.0
0.5,0.0
0.5,0.0
3.8314226838089134,10.0
3.9373446912374517,0.0
0.5,0.0
0.5,0.0
0.5,0.0
0.5,0.0
0.5,0.0
0.5,0.0
0.5,0.0
0.5,0.0
0.5,0.0
0.5,0.0
0.5,0.0
0.5,0.0
0.5,0.0
0.5,0.0
0.5,0.0
0.5,0.0
0.5,0.0
0.5,0.0
0.5,0.0
0.5,0.0
0.5,0.0
0.5,0.0
0.5,0.0
0.5,0.0
0.5,0.0
0.5,0.0
0.5,0.0
0.5,0.0
0.5,0.0
0.5,0.0
0.5,0.0
0.5,0.0
0.5,0.0
0.5,0.0
0.5,0.0
0.5,0.0
0.5,0.0
0.5,0.0
0.5,0.0
0.5,0.0
0.5,0.0
0.5,0.0
0.5,0.0
0.5,0.0
0.5,0.0
0.5,0.0
0.5,0.0
0.5,0.0
0.5,0.0
3.9373446912374517,10.0
4.045490794873814,0.0
0.5,0.0
0.5,0.0
0.5,0.0
0.5,0.0
0.5,0.0
0.5,0.0
0.5,0.0
0.5,0.0
0.5,0.0
0.5,0.0
0.5,0.0
0.5,0.0
0.5,0.0
0.5,0.0
0.5,0.0
0.5,0.0
0.5,0.0
0.5,0.0
0.5,0.0
0.5,0.0
0.5,0.0
0.5,0.0
0.5,0.0
0.5,0.0
0.5,0.0
0.5,0.0
0.5,0.0
0.5,0.0
0.5,0.0
0.5,0.0
0.5,0.0
0.5,0.0
0.5,0.0
0.5,0.0
0.5,0.0
0.5,0.0
0.5,0.0
0.5,0.0
0.5,0.0
0.5,0.0
0.5,0.0
0.5,0.0
0.5,0.0
0.5,0.0
0.5,0.0
0.5,0.0
0.5,0.0
0.5,0.0
0.5,0.0
4.045490794873814,10.0
4.155956402494155,0.0
0.5,0.0
0.5,0.0
0.5,0.0
0.5,0.0
0.5,0.0
0.5,0.0
0.5,0.0
0.5,0.0
0.5,0.0
0.5,0.0
0.5,0.0
0.5,0.0
0.5,0.0
0.5,0.0
0.5,0.0
0.5,0.0
0.5,0.0
0.5,0.0
0.5,0.0
0.5,0.0
0.5,0.0
0.5,0.0
0.5,0.0
0.5,0.0
0.5,0.0
0.5,0.0
0.5,0.0
0.5,0.0
0.5,0.0
0.5,0.0
0.5,0.0
0.5,0.0
0.5,0.0
0.5,0.0
0.5,0.0
0.5,0.0
0.5,0.0
0.5,0.0
0.5,0.0
0.5,0.0
0.5,0.0
0.5,0.0
0.5,0.0
0.5,0.0
0.5,0.0
0.5,0.0
0.5,0.0
0.5,0.0
0.5,0.0
4.155956402494155,10.0
4.268843195795022,0.0
0.5,0.0
0.5,0.0
0.5,0.0
0.5,0.0
0.5,0.0
0.5,0.0
0.5,0.0
0.5,0.0
0.5,0.0
0.5,0.0
0.5,0.0
0.5,0.0
0.5,0.0
0.5,0.0
0.5,0.0
0.5,0.0
0.5,0.0
0.5,0.0
0.5,0.0
0.5,0.0
0.5,0.0
0.5,0.0
0.5,0.0
0.5,0.0
0.5,0.0
0.5,0.0
0.5,0.0
0.5,0.0
0.5,0.0
0.5,0.0
0.5,0.0
0.5,0.0
0.5,0.0
0.5,0.0
0.5,0.0
0.5,0.0
0.5,0.0
0.5,0.0
0.5,0.0
0.5,0.0
0.5,0.0
0.5,0.0
0.5,0.0
0.5,0.0
0.5,0.0
0.5,0.0
0.5,0.0
0.5,0.0
0.5,0.0
4.268843195795022,10.0
4.384259692833897,0.0
0.5,0.0
0.5,0.0
0.5,0.0
0.5,0.0
0.5,0.0
0.5,0.0
0.5,0.0
0.5,0.0
0.5,0.0
0.5,0.0
0.5,0.0
0.5,0.0
0.5,0.0
0.5,0.0
0.5,0.0
0.5,0.0
0.5,0.0
0.5,0.0
0.5,0.0
0.5,0.0
0.5,0.0
0.5,0.0
0.5,0.0
0.5,0.0
0.5,0.0
0.5,0.0
0.5,0.0
0.5,0.0
0.5,0.0
0.5,0.0
0.5,0.0
0.5,0.0
0.5,0.0
0.5,0.0
0.5,0.0
0.5,0.0
0.5,0.0
0.5,0.0
0.5,0.0
0.5,0.0
0.5,0.0
0.5,0.0
0.5,0.0
0.5,0.0
0.5,0.0
0.5,0.0
0.5,0.0
0.5,0.0
0.5,0.0
4.384259692833897,10.0
4.502321874944123,0.0
0.5,0.0
0.5,0.0
0.5,0.0
0.5,0.0
0.5,0.0
0.5,0.0
0.5,0.0
0.5,0.0
0.5,0.0
0.5,0.0
0.5,0.0
0.5,0.0
0.5,0.0
0.5,0.0
0.5,0.0
0.5,0.0
0.5,0.0
0.5,0.0
0.5,0.0
0.5,0.0
0.5,0.0
0.5,0.0
0.5,0.0
0.5,0.0
0.5,0.0
0.5,0.0
0.5,0.0
0.5,0.0
0.5,0.0
0.5,0.0
0.5,0.0
0.5,0.0
0.5,0.0
0.5,0.0
0.5,0.0
0.5,0.0
0.5,0.0
0.5,0.0
0.5,0.0
0.5,0.0
0.5,0.0
0.5,0.0
0.5,0.0
0.5,0.0
0.5,0.0
0.5,0.0
0.5,0.0
0.5,0.0
0.5,0.0
4.502321874944123,10.0
4.62315388720188,0.0
0.5,0.0
0.5,0.0
0.5,0.0
0.5,0.0
0.5,0.0
0.5,0.0
0.5,0.0
0.5,0.0
0.5,0.0
0.5,0.0
0.5,0.0
0.5,0.0
0.5,0.0
0.5,0.0
0.5,0.0
0.5,0.0
0.5,0.0
0.5,0.0
0.5,0.0
0.5,0.0
0.5,0.0
0.5,0.0
0.5,0.0
0.5,0.0
0.5,0.0
0.5,0.0
0.5,0.0
0.5,0.0
0.5,0.0
0.5,0.0
0.5,0.0
0.5,0.0
0.5,0.0
0.5,0.0
0.5,0.0
0.5,0.0
0.5,0.0
0.5,0.0
0.5,0.0
0.5,0.0
0.5,0.0
0.5,0.0
0.5,0.0
0.5,0.0
0.5,0.0
0.5,0.0
0.5,0.0
0.5,0.0
0.5,0.0
4.62315388720188,10.0
4.746888823049761,0.0
0.5,0.0
0.5,0.0
0.5,0.0
0.5,0.0
0.5,0.0
0.5,0.0
0.5,0.0
0.5,0.0
0.5,0.0
0.5,0.0
0.5,0.0
0.5,0.0
0.5,0.0
0.5,0.0
0.5,0.0
0.5,0.0
0.5,0.0
0.5,0.0
0.5,0.0
0.5,0.0
0.5,0.0
0.5,0.0
0.5,0.0
0.5,0.0
0.5,0.0
0.5,0.0
0.5,0.0
0.5,0.0
0.5,0.0
0.5,0.0
0.5,0.0
0.5,0.0
0.5,0.0
0.5,0.0
0.5,0.0
0.5,0.0
0.5,0.0
0.5,0.0
0.5,0.0
0.5,0.0
0.5,0.0
0.5,0.0
0.5,0.0
0.5,0.0
0.5,0.0
0.5,0.0
0.5,0.0
0.5,0.0
0.5,0.0
4.746888823049761,10.0
4.873669605509419,0.0
0.5,0.0
0.5,0.0
0.5,0.0
0.5,0.0
0.5,0.0
0.5,0.0
0.5,0.0
0.5,0.0
0.5,0.0
0.5,0.0
0.5,0.0
0.5,0.0
0.5,0.0
0.5,0.0
0.5,0.0
0.5,0.0
0.5,0.0
0.5,0.0
0.5,0.0
0.5,0.0
0.5,0.0
0.5,0.0
0.5,0.0
0.5,0.0
0.5,0.0
0.5,0.0
0.5,0.0
0.5,0.0
0.5,0.0
0.5,0.0
0.5,0.0
0.5,0.0
0.5,0.0
0.5,0.0
0.5,0.0
0.5,0.0
0.5,0.0
0.5,0.0
0.5,0.0
0.5,0.0
0.5,0.0
0.5,0.0
0.5,0.0
0.5,0.0
0.5,0.0
0.5,0.0
0.5,0.0
0.5,0.0
0.5,0.0
4.873669605509419,10.0
5.003649979612574,0.0
0.5,0.0
0.5,0.0
0.5,0.0
0.5,0.0
0.5,0.0
0.5,0.0
0.5,0.0
0.5,0.0
0.5,0.0
0.5,0.0
0.5,0.0
0.5,0.0
0.5,0.0
0.5,0.0
0.5,0.0
0.5,0.0
0.5,0.0
0.5,0.0
0.5,0.0
0.5,0.0
0.5,0.0
0.5,0.0
0.5,0.0
0.5,0.0
0.5,0.0
0.5,0.0
0.5,0.0
0.5,0.0
0.5,0.0
0.5,0.0
0.5,0.0
0.5,0.0
0.5,0.0
0.5,0.0
0.5,0.0
0.5,0.0
0.5,0.0
0.5,0.0
0.5,0.0
0.5,0.0
0.5,0.0
0.5,0.0
0.5,0.0
0.5,0.0
0.5,0.0
0.5,0.0
0.5,0.0
0.5,0.0
0.5,0.0
5.003649979612574,10.0
5.1369956333319235,0.0
0.5,0.0
0.5,0.0
0.5,0.0
0.5,0.0
0.5,0.0
0.5,0.0
0.5,0.0
0.5,0.0
0.5,0.0
0.5,0.0
0.5,0.0
0.5,0.0
0.5,0.0
0.5,0.0
0.5,0.0
0.5,0.0
0.5,0.0
0.5,0.0
0.5,0.0
0.5,0.0
0.5,0.0
0.5,0.0
0.5,0.0
0.5,0.0
0.5,0.0
0.5,0.0
0.5,0.0
0.5,0.0
0.5,0.0
0.5,0.0
0.5,0.0
0.5,0.0
0.5,0.0
0.5,0.0
0.5,0.0
0.5,0.0
0.5,0.0
0.5,0.0
0.5,0.0
0.5,0.0
0.5,0.0
0.5,0.0
0.5,0.0
0.5,0.0
0.5,0.0
0.5,0.0
0.5,0.0
0.5,0.0
0.5,0.0
5.1369956333319235,10.0
5.273885467509676,0.0
0.5,0.0
0.5,0.0
0.5,0.0
0.5,0.0
0.5,0.0
0.5,0.0
0.5,0.0
0.5,0.0
0.5,0.0
0.5,0.0
0.5,0.0
0.5,0.0
0.5,0.0
0.5,0.0
0.5,0.0
0.5,0.0
0.5,0.0
0.5,0.0
0.5,0.0
0.5,0.0
0.5,0.0
0.5,0.0
0.5,0.0
0.5,0.0
0.5,0.0
0.5,0.0
0.5,0.0
0.5,0.0
0.5,0.0
0.5,0.0
0.5,0.0
0.5,0.0
0.5,0.0
0.5,0.0
0.5,0.0
0.5,0.0
0.5,0.0
0.5,0.0
0.5,0.0
0.5,0.0
0.5,0.0
0.5,0.0
0.5,0.0
0.5,0.0
0.5,0.0
0.5,0.0
0.5,0.0
0.5,0.0
0.5,0.0
5.273885467509676,10.0
5.414513039200618,0.0
0.5,0.0
0.5,0.0
0.5,0.0
0.5,0.0
0.5,0.0
0.5,0.0
0.5,0.0
0.5,0.0
0.5,0.0
0.5,0.0
0.5,0.0
0.5,0.0
0.5,0.0
0.5,0.0
0.5,0.0
0.5,0.0
0.5,0.0
0.5,0.0
0.5,0.0
0.5,0.0
0.5,0.0
0.5,0.0
0.5,0.0
0.5,0.0
0.5,0.0
0.5,0.0
0.5,0.0
0.5,0.0
0.5,0.0
0.5,0.0
0.5,0.0
0.5,0.0
0.5,0.0
0.5,0.0
0.5,0.0
0.5,0.0
0.5,0.0
0.5,0.0
0.5,0.0
0.5,0.0
0.5,0.0
0.5,0.0
0.5,0.0
0.5,0.0
0.5,0.0
0.5,0.0
0.5,0.0
0.5,0.0
0.5,0.0
5.414513039200618,10.0
5.559088207646121,0.0
0.5,0.0
0.5,0.0
0.5,0.0
0.5,0.0
0.5,0.0
0.5,0.0
0.5,0.0
0.5,0.0
0.5,0.0
0.5,0.0
0.5,0.0
0.5,0.0
0.5,0.0
0.5,0.0
0.5,0.0
0.5,0.0
0.5,0.0
0.5,0.0
0.5,0.0
0.5,0.0
0.5,0.0
0.5,0.0
0.5,0.0
0.5,0.0
0.5,0.0
0.5,0.0
0.5,0.0
0.5,0.0
0.5,0.0
0.5,0.0
0.5,0.0
0.5,0.0
0.5,0.0
0.5,0.0
0.5,0.0
0.5,0.0
0.5,0.0
0.5,0.0
0.5,0.0
0.5,0.0
0.5,0.0
0.5,0.0
0.5,0.0
0.5,0.0
0.5,0.0
0.5,0.0
0.5,0.0
0.5,0.0
0.5,0.0
5.559088207646121,10.0
5.707839018004581,0.0
0.5,0.0
0.5,0.0
0.5,0.0
0.5,0.0
0.5,0.0
0.5,0.0
0.5,0.0
0.5,0.0
0.5,0.0
0.5,0.0
0.5,0.0
0.5,0.0
0.5,0.0
0.5,0.0
0.5,0.0
0.5,0.0
0.5,0.0
0.5,0.0
0.5,0.0
0.5,0.0
0.5,0.0
0.5,0.0
0.5,0.0
0.5,0.0
0.5,0.0
0.5,0.0
0.5,0.0
0.5,0.0
0.5,0.0
0.5,0.0
0.5,0.0
0.5,0.0
0.5,0.0
0.5,0.0
0.5,0.0
0.5,0.0
0.5,0.0
0.5,0.0
0.5,0.0
0.5,0.0
0.5,0.0
0.5,0.0
0.5,0.0
0.5,0.0
0.5,0.0
0.5,0.0
0.5,0.0
0.5,0.0
0.5,0.0
5.707839018004581,10.0
5.8610138652792925,0.0
0.5,0.0
0.5,0.0
0.5,0.0
0.5,0.0
0.5,0.0
0.5,0.0
0.5,0.0
0.5,0.0
0.5,0.0
0.5,0.0
0.5,0.0
0.5,0.0
0.5,0.0
0.5,0.0
0.5,0.0
0.5,0.0
0.5,0.0
0.5,0.0
0.5,0.0
0.5,0.0
0.5,0.0
0.5,0.0
0.5,0.0
0.5,0.0
0.5,0.0
0.5,0.0
0.5,0.0
0.5,0.0
0.5,0.0
0.5,0.0
0.5,0.0
0.5,0.0
0.5,0.0
0.5,0.0
0.5,0.0
0.5,0.0
0.5,0.0
0.5,0.0
0.5,0.0
0.5,0.0
0.5,0.0
0.5,0.0
0.5,0.0
0.5,0.0
0.5,0.0
0.5,0.0
0.5,0.0
0.5,0.0
0.5,0.0
5.8610138652792925,10.0
6.01888398999525,0.0
0.5,0.0
0.5,0.0
0.5,0.0
0.5,0.0
0.5,0.0
0.5,0.0
0.5,0.0
0.5,0.0
0.5,0.0
0.5,0.0
0.5,0.0
0.5,0.0
0.5,0.0
0.5,0.0
0.5,0.0
0.5,0.0
0.5,0.0
0.5,0.0
0.5,0.0
0.5,0.0
0.5,0.0
0.5,0.0
0.5,0.0
0.5,0.0
0.5,0.0
0.5,0.0
0.5,0.0
0.5,0.0
0.5,0.0
0.5,0.0
0.5,0.0
0.5,0.0
0.5,0.0
0.5,0.0
0.5,0.0
0.5,0.0
0.5,0.0
0.5,0.0
0.5,0.0
0.5,0.0
0.5,0.0
0.5,0.0
0.5,0.0
0.5,0.0
0.5,0.0
0.5,0.0
0.5,0.0
0.5,0.0
0.5,0.0
6.01888398999525,10.0
6.181746368592594,0.0
0.5,0.0
0.5,0.0
0.5,0.0
0.5,0.0
0.5,0.0
0.5,0.0
0.5,0.0
0.5,0.0
0.5,0.0
0.5,0.0
0.5,0.0
0.5,0.0
0.5,0.0
0.5,0.0
0.5,0.0
0.5,0.0
0.5,0.0
0.5,0.0
0.5,0.0
0.5,0.0
0.5,0.0
0.5,0.0
0.5,0.0
0.5,0.0
0.5,0.0
0.5,0.0
0.5,0.0
0.5,0.0
0.5,0.0
0.5,0.0
0.5,0.0
0.5,0.0
0.5,0.0
0.5,0.0
0.5,0.0
0.5,0.0
0.5,0.0
0.5,0.0
0.5,0.0
0.5,0.0
0.5,0.0
0.5,0.0
0.5,0.0
0.5,0.0
0.5,0.0
0.5,0.0
0.5,0.0
0.5,0.0
0.5,0.0
6.181746368592594,10.0
6.3499270759048425,0.0
0.5,0.0
0.5,0.0
0.5,0.0
0.5,0.0
0.5,0.0
0.5,0.0
0.5,0.0
0.5,0.0
0.5,0.0
0.5,0.0
0.5,0.0
0.5,0.0
0.5,0.0
0.5,0.0
0.5,0.0
0.5,0.0
0.5,0.0
0.5,0.0
0.5,0.0
0.5,0.0
0.5,0.0
0.5,0.0
0.5,0.0
0.5,0.0
0.5,0.0
0.5,0.0
0.5,0.0
0.5,0.0
0.5,0.0
0.5,0.0
0.5,0.0
0.5,0.0
0.5,0.0
0.5,0.0
0.5,0.0
0.5,0.0
0.5,0.0
0.5,0.0
0.5,0.0
0.5,0.0
0.5,0.0
0.5,0.0
0.5,0.0
0.5,0.0
0.5,0.0
0.5,0.0
0.5,0.0
0.5,0.0
0.5,0.0
6.3499270759048425,10.0
6.523785215381547,0.0
0.5,0.0
0.5,0.0
0.5,0.0
0.5,0.0
0.5,0.0
0.5,0.0
0.5,0.0
0.5,0.0
0.5,0.0
0.5,0.0
0.5,0.0
0.5,0.0
0.5,0.0
0.5,0.0
0.5,0.0
0.5,0.0
0.5,0.0
0.5,0.0
0.5,0.0
0.5,0.0
0.5,0.0
0.5,0.0
0.5,0.0
0.5,0.0
0.5,0.0
0.5,0.0
0.5,0.0
0.5,0.0
0.5,0.0
0.5,0.0
0.5,0.0
0.5,0.0
0.5,0.0
0.5,0.0
0.5,0.0
0.5,0.0
0.5,0.0
0.5,0.0
0.5,0.0
0.5,0.0
0.5,0.0
0.5,0.0
0.5,0.0
0.5,0.0
0.5,0.0
0.5,0.0
0.5,0.0
0.5,0.0
0.5,0.0
6.523785215381547,10.0
6.703717536122261,0.0
0.5,0.0
0.5,0.0
0.5,0.0
0.5,0.0
0.5,0.0
0.5,0.0
0.5,0.0
0.5,0.0
0.5,0.0
0.5,0.0
0.5,0.0
0.5,0.0
0.5,0.0
0.5,0.0
0.5,0.0
0.5,0.0
0.5,0.0
0.5,0.0
0.5,0.0
0.5,0.0
0.5,0.0
0.5,0.0
0.5,0.0
0.5,0.0
0.5,0.0
0.5,0.0
0.5,0.0
0.5,0.0
0.5,0.0
0.5,0.0
0.5,0.0
0.5,0.0
0.5,0.0
0.5,0.0
0.5,0.0
0.5,0.0
0.5,0.0
0.5,0.0
0.5,0.0
0.5,0.0
0.5,0.0
0.5,0.0
0.5,0.0
0.5,0.0
0.5,0.0
0.5,0.0
0.5,0.0
0.5,0.0
0.5,0.0
6.703717536122261,10.0
6.890163885979452,0.0
0.5,0.0
0.5,0.0
0.5,0.0
0.5,0.0
0.5,0.0
0.5,0.0
0.5,0.0
0.5,0.0
0.5,0.0
0.5,0.0
0.5,0.0
0.5,0.0
0.5,0.0
0.5,0.0
0.5,0.0
0.5,0.0
0.5,0.0
0.5,0.0
0.5,0.0
0.5,0.0
0.5,0.0
0.5,0.0
0.5,0.0
0.5,0.0
0.5,0.0
0.5,0.0
0.5,0.0
0.5,0.0
0.5,0.0
0.5,0.0
0.5,0.0
0.5,0.0
0.5,0.0
0.5,0.0
0.5,0.0
0.5,0.0
0.5,0.0
0.5,0.0
0.5,0.0
0.5,0.0
0.5,0.0
0.5,0.0
0.5,0.0
0.5,0.0
0.5,0.0
0.5,0.0
0.5,0.0
0.5,0.0
0.5,0.0
6.890163885979452,10.0
7.083613689257527,0.0
0.5,0.0
0.5,0.0
0.5,0.0
0.5,0.0
0.5,0.0
0.5,0.0
0.5,0.0
0.5,0.0
0.5,0.0
0.5,0.0
0.5,0.0
0.5,0.0
0.5,0.0
0.5,0.0
0.5,0.0
0.5,0.0
0.5,0.0
0.5,0.0
0.5,0.0
0.5,0.0
0.5,0.0
0.5,0.0
0.5,0.0
0.5,0.0
0.5,0.0
0.5,0.0
0.5,0.0
0.5,0.0
0.5,0.0
0.5,0.0
0.5,0.0
0.5,0.0
0.5,0.0
0.5,0.0
0.5,0.0
0.5,0.0
0.5,0.0
0.5,0.0
0.5,0.0
0.5,0.0
0.5,0.0
0.5,0.0
0.5,0.0
0.5,0.0
0.5,0.0
0.5,0.0
0.5,0.0
0.5,0.0
0.5,0.0
7.083613689257527,10.0
7.284613689075124,0.0
0.5,0.0
0.5,0.0
0.5,0.0
0.5,0.0
0.5,0.0
0.5,0.0
0.5,0.0
0.5,0.0
0.5,0.0
0.5,0.0
0.5,0.0
0.5,0.0
0.5,0.0
0.5,0.0
0.5,0.0
0.5,0.0
0.5,0.0
0.5,0.0
0.5,0.0
0.5,0.0
0.5,0.0
0.5,0.0
0.5,0.0
0.5,0.0
0.5,0.0
0.5,0.0
0.5,0.0
0.5,0.0
0.5,0.0
0.5,0.0
0.5,0.0
0.5,0.0
0.5,0.0
0.5,0.0
0.5,0.0
0.5,0.0
0.5,0.0
0.5,0.0
0.5,0.0
0.5,0.0
0.5,0.0
0.5,0.0
0.5,0.0
0.5,0.0
0.5,0.0
0.5,0.0
0.5,0.0
0.5,0.0
0.5,0.0
7.284613689075124,10.0
7.49377726275738,0.0
0.5,0.0
0.5,0.0
0.5,0.0
0.5,0.0
0.5,0.0
0.5,0.0
0.5,0.0
0.5,0.0
0.5,0.0
0.5,0.0
0.5,0.0
0.5,0.0
0.5,0.0
0.5,0.0
0.5,0.0
0.5,0.0
0.5,0.0
0.5,0.0
0.5,0.0
0.5,0.0
0.5,0.0
0.5,0.0
0.5,0.0
0.5,0.0
0.5,0.0
0.5,0.0
0.5,0.0
0.5,0.0
0.5,0.0
0.5,0.0
0.5,0.0
0.5,0.0
0.5,0.0
0.5,0.0
0.5,0.0
0.5,0.0
0.5,0.0
0.5,0.0
0.5,0.0
0.5,0.0
0.5,0.0
0.5,0.0
0.5,0.0
0.5,0.0
0.5,0.0
0.5,0.0
0.5,0.0
0.5,0.0
0.5,0.0
7.49377726275738,10.0
7.71179571007624,0.0
0.5,0.0
0.5,0.0
0.5,0.0
0.5,0.0
0.5,0.0
0.5,0.0
0.5,0.0
0.5,0.0
0.5,0.0
0.5,0.0
0.5,0.0
0.5,0.0
0.5,0.0
0.5,0.0
0.5,0.0
0.5,0.0
0.5,0.0
0.5,0.0
0.5,0.0
0.5,0.0
0.5,0.0
0.5,0.0
0.5,0.0
0.5,0.0
0.5,0.0
0.5,0.0
0.5,0.0
0.5,0.0
0.5,0.0
0.5,0.0
0.5,0.0
0.5,0.0
0.5,0.0
0.5,0.0
0.5,0.0
0.5,0.0
0.5,0.0
0.5,0.0
0.5,0.0
0.5,0.0
0.5,0.0
0.5,0.0
0.5,0.0
0.5,0.0
0.5,0.0
0.5,0.0
0.5,0.0
0.5,0.0
0.5,0.0
7.71179571007624,10.0
7.939452037980411,0.0
0.5,0.0
0.5,0.0
0.5,0.0
0.5,0.0
0.5,0.0
0.5,0.0
0.5,0.0
0.5,0.0
0.5,0.0
0.5,0.0
0.5,0.0
0.5,0.0
0.5,0.0
0.5,0.0
0.5,0.0
0.5,0.0
0.5,0.0
0.5,0.0
0.5,0.0
0.5,0.0
0.5,0.0
0.5,0.0
0.5,0.0
0.5,0.0
0.5,0.0
0.5,0.0
0.5,0.0
0.5,0.0
0.5,0.0
0.5,0.0
0.5,0.0
0.5,0.0
0.5,0.0
0.5,0.0
0.5,0.0
0.5,0.0
0.5,0.0
0.5,0.0
0.5,0.0
0.5,0.0
0.5,0.0
0.5,0.0
0.5,0.0
0.5,0.0
0.5,0.0
0.5,0.0
0.5,0.0
0.5,0.0
0.5,0.0
7.939452037980411,10.0
8.17763793514365,0.0
0.5,0.0
0.5,0.0
0.5,0.0
0.5,0.0
0.5,0.0
0.5,0.0
0.5,0.0
0.5,0.0
0.5,0.0
0.5,0.0
0.5,0.0
0.5,0.0
0.5,0.0
0.5,0.0
0.5,0.0
0.5,0.0
0.5,0.0
0.5,0.0
0.5,0.0
0.5,0.0
0.5,0.0
0.5,0.0
0.5,0.0
0.5,0.0
0.5,0.0
0.5,0.0
0.5,0.0
0.5,0.0
0.5,0.0
0.5,0.0
0.5,0.0
0.5,0.0
0.5,0.0
0.5,0.0
0.5,0.0
0.5,0.0
0.5,0.0
0.5,0.0
0.5,0.0
0.5,0.0
0.5,0.0
0.5,0.0
0.5,0.0
0.5,0.0
0.5,0.0
0.5,0.0
0.5,0.0
0.5,0.0
0.5,0.0
8.17763793514365,10.0
8.42737486525309,0.0
0.5,0.0
0.5,0.0
0.5,0.0
0.5,0.0
0.5,0.0
0.5,0.0
0.5,0.0
0.5,0.0
0.5,0.0
0.5,0.0
0.5,0.0
0.5,0.0
0.5,0.0
0.5,0.0
0.5,0.0
0.5,0.0
0.5,0.0
0.5,0.0
0.5,0.0
0.5,0.0
0.5,0.0
0.5,0.0
0.5,0.0
0.5,0.0
0.5,0.0
0.5,0.0
0.5,0.0
0.5,0.0
0.5,0.0
0.5,0.0
0.5,0.0
0.5,0.0
0.5,0.0
0.5,0.0
0.5,0.0
0.5,0.0
0.5,0.0
0.5,0.0
0.5,0.0
0.5,0.0
0.5,0.0
0.5,0.0
0.5,0.0
0.5,0.0
0.5,0.0
0.5,0.0
0.5,0.0
0.5,0.0
0.5,0.0
8.42737486525309,10.0
8.689840539731701,0.0
0.5,0.0
0.5,0.0
0.5,0.0
0.5,0.0
0.5,0.0
0.5,0.0
0.5,0.0
0.5,0.0
0.5,0.0
0.5,0.0
0.5,0.0
0.5,0.0
0.5,0.0
0.5,0.0
0.5,0.0
0.5,0.0
0.5,0.0
0.5,0.0
0.5,0.0
0.5,0.0
0.5,0.0
0.5,0.0
0.5,0.0
0.5,0.0
0.5,0.0
0.5,0.0
0.5,0.0
0.5,0.0
0.5,0.0
0.5,0.0
0.5,0.0
0.5,0.0
0.5,0.0
0.5,0.0
0.5,0.0
0.5,0.0
0.5,0.0
0.5,0.0
0.5,0.0
0.5,0.0
0.5,0.0
0.5,0.0
0.5,0.0
0.5,0.0
0.5,0.0
0.5,0.0
0.5,0.0
0.5,0.0
0.5,0.0
8.689840539731701,10.0
8.966402505100023,0.0
0.5,0.0
0.5,0.0
0.5,0.0
0.5,0.0
0.5,0.0
0.5,0.0
0.5,0.0
0.5,0.0
0.5,0.0
0.5,0.0
0.5,0.0
0.5,0.0
0.5,0.0
0.5,0.0
0.5,0.0
0.5,0.0
0.5,0.0
0.5,0.0
0.5,0.0
0.5,0.0
0.5,0.0
0.5,0.0
0.5,0.0
0.5,0.0
0.5,0.0
0.5,0.0
0.5,0.0
0.5,0.0
0.5,0.0
0.5,0.0
0.5,0.0
0.5,0.0
0.5,0.0
0.5,0.0
0.5,0.0
0.5,0.0
0.5,0.0
0.5,0.0
0.5,0.0
0.5,0.0
0.5,0.0
0.5,0.0
0.5,0.0
0.5,0.0
0.5,0.0
0.5,0.0
0.5,0.0
0.5,0.0
0.5,0.0
8.966402505100023,10.0
9.25866127046474,0.0
0.5,0.0
0.5,0.0
0.5,0.0
0.5,0.0
0.5,0.0
0.5,0.0
0.5,0.0
0.5,0.0
0.5,0.0
0.5,0.0
0.5,0.0
0.5,0.0
0.5,0.0
0.5,0.0
0.5,0.0
0.5,0.0
0.5,0.0
0.5,0.0
0.5,0.0
0.5,0.0
0.5,0.0
0.5,0.0
0.5,0.0
0.5,0.0
0.5,0.0
0.5,0.0
0.5,0.0
0.5,0.0
0.5,0.0
0.5,0.0
0.5,0.0
0.5,0.0
0.5,0.0
0.5,0.0
0.5,0.0
0.5,0.0
0.5,0.0
0.5,0.0
0.5,0.0
0.5,0.0
0.5,0.0
0.5,0.0
0.5,0.0
0.5,0.0
0.5,0.0
0.5,0.0
0.5,0.0
0.5,0.0
0.5,0.0
9.25866127046474,10.0
9.568506423743798,0.0
0.5,0.0
0.5,0.0
0.5,0.0
0.5,0.0
0.5,0.0
0.5,0.0
0.5,0.0
0.5,0.0
0.5,0.0
0.5,0.0
0.5,0.0
0.5,0.0
0.5,0.0
0.5,0.0
0.5,0.0
0.5,0.0
0.5,0.0
0.5,0.0
0.5,0.0
0.5,0.0
0.5,0.0
0.5,0.0
0.5,0.0
0.5,0.0
0.5,0.0
0.5,0.0
0.5,0.0
0.5,0.0
0.5,0.0
0.5,0.0
0.5,0.0
0.5,0.0
0.5,0.0
0.5,0.0
0.5,0.0
0.5,0.0
0.5,0.0
0.5,0.0
0.5,0.0
0.5,0.0
0.5,0.0
0.5,0.0
0.5,0.0
0.5,0.0
0.5,0.0
0.5,0.0
0.5,0.0
0.5,0.0
0.5,0.0
9.568506423743798,10.0
9.898190733394125,0.0
0.5,0.0
0.5,0.0
0.5,0.0
0.5,0.0
0.5,0.0
0.5,0.0
0.5,0.0
0.5,0.0
0.5,0.0
0.5,0.0
0.5,0.0
0.5,0.0
0.5,0.0
0.5,0.0
0.5,0.0
0.5,0.0
0.5,0.0
0.5,0.0
0.5,0.0
0.5,0.0
0.5,0.0
0.5,0.0
0.5,0.0
0.5,0.0
0.5,0.0
0.5,0.0
0.5,0.0
0.5,0.0
0.5,0.0
0.5,0.0
0.5,0.0
0.5,0.0
0.5,0.0
0.5,0.0
0.5,0.0
0.5,0.0
0.5,0.0
0.5,0.0
0.5,0.0
0.5,0.0
0.5,0.0
0.5,0.0
0.5,0.0
0.5,0.0
0.5,0.0
0.5,0.0
0.5,0.0
0.5,0.0
0.5,0.0
9.898190733394125,10.0
10.250429629609908,0.0
0.5,0.0
0.5,0.0
0.5,0.0
0.5,0.0
0.5,0.0
0.5,0.0
0.5,0.0
0.5,0.0
0.5,0.0
0.5,0.0
0.5,0.0
0.5,0.0
0.5,0.0
0.5,0.0
0.5,0.0
0.5,0.0
0.5,0.0
0.5,0.0
0.5,0.0
0.5,0.0
0.5,0.0
0.5,0.0
0.5,0.0
0.5,0.0
0.5,0.0
0.5,0.0
0.5,0.0
0.5,0.0
0.5,0.0
0.5,0.0
0.5,0.0
0.5,0.0
0.5,0.0
0.5,0.0
0.5,0.0
0.5,0.0
0.5,0.0
0.5,0.0
0.5,0.0
0.5,0.0
0.5,0.0
0.5,0.0
0.5,0.0
0.5,0.0
0.5,0.0
0.5,0.0
0.5,0.0
0.5,0.0
0.5,0.0
10.250429629609908,10.0
10.62853726785198,0.0
0.5,0.0
0.5,0.0
0.5,0.0
0.5,0.0
0.5,0.0
0.5,0.0
0.5,0.0
0.5,0.0
0.5,0.0
0.5,0.0
0.5,0.0
0.5,0.0
0.5,0.0
0.5,0.0
0.5,0.0
0.5,0.0
0.5,0.0
0.5,0.0
0.5,0.0
0.5,0.0
0.5,0.0
0.5,0.0
0.5,0.0
0.5,0.0
0.5,0.0
0.5,0.0
0.5,0.0
0.5,0.0
0.5,0.0
0.5,0.0
0.5,0.0
0.5,0.0
0.5,0.0
0.5,0.0
0.5,0.0
0.5,0.0
0.5,0.0
0.5,0.0
0.5,0.0
0.5,0.0
0.5,0.0
0.5,0.0
0.5,0.0
0.5,0.0
0.5,0.0
0.5,0.0
0.5,0.0
0.5,0.0
0.5,0.0
10.62853726785198,10.0
11.036616608239507,0.0
0.5,0.0
0.5,0.0
0.5,0.0
0.5,0.0
0.5,0.0
0.5,0.0
0.5,0.0
0.5,0.0
0.5,0.0
0.5,0.0
0.5,0.0
0.5,0.0
0.5,0.0
0.5,0.0
0.5,0.0
0.5,0.0
0.5,0.0
0.5,0.0
0.5,0.0
0.5,0.0
0.5,0.0
0.5,0.0
0.5,0.0
0.5,0.0
0.5,0.0
0.5,0.0
0.5,0.0
0.5,0.0
0.5,0.0
0.5,0.0
0.5,0.0
0.5,0.0
0.5,0.0
0.5,0.0
0.5,0.0
0.5,0.0
0.5,0.0
0.5,0.0
0.5,0.0
0.5,0.0
0.5,0.0
0.5,0.0
0.5,0.0
0.5,0.0
0.5,0.0
0.5,0.0
0.5,0.0
0.5,0.0
0.5,0.0
11.036616608239507,10.0
11.479831479795063,0.0
0.5,0.0
0.5,0.0
0.5,0.0
0.5,0.0
0.5,0.0
0.5,0.0
0.5,0.0
0.5,0.0
0.5,0.0
0.5,0.0
0.5,0.0
0.5,0.0
0.5,0.0
0.5,0.0
0.5,0.0
0.5,0.0
0.5,0.0
0.5,0.0
0.5,0.0
0.5,0.0
0.5,0.0
0.5,0.0
0.5,0.0
0.5,0.0
0.5,0.0
0.5,0.0
0.5,0.0
0.5,0.0
0.5,0.0
0.5,0.0
0.5,0.0
0.5,0.0
0.5,0.0
0.5,0.0
0.5,0.0
0.5,0.0
0.5,0.0
0.5,0.0
0.5,0.0
0.5,0.0
0.5,0.0
0.5,0.0
0.5,0.0
0.5,0.0
0.5,0.0
0.5,0.0
0.5,0.0
0.5,0.0
0.5,0.0
11.479831479795063,10.0
11.964807103704707,0.0
0.5,0.0
0.5,0.0
0.5,0.0
0.5,0.0
0.5,0.0
0.5,0.0
0.5,0.0
0.5,0.0
0.5,0.0
0.5,0.0
0.5,0.0
0.5,0.0
0.5,0.0
0.5,0.0
0.5,0.0
0.5,0.0
0.5,0.0
0.5,0.0
0.5,0.0
0.5,0.0
0.5,0.0
0.5,0.0
0.5,0.0
0.5,0.0
0.5,0.0
0.5,0.0
0.5,0.0
0.5,0.0
0.5,0.0
0.5,0.0
0.5,0.0
0.5,0.0
0.5,0.0
0.5,0.0
0.5,0.0
0.5,0.0
0.5,0.0
0.5,0.0
0.5,0.0
0.5,0.0
0.5,0.0
0.5,0.0
0.5,0.0
0.5,0.0
0.5,0.0
0.5,0.0
0.5,0.0
0.5,0.0
0.5,0.0
11.964807103704707,10.0
12.500239522004525,0.0
0.5,0.0
0.5,0.0
0.5,0.0
0.5,0.0
0.5,0.0
0.5,0.0
0.5,0.0
0.5,0.0
0.5,0.0
0.5,0.0
0.5,0.0
0.5,0.0
0.5,0.0
0.5,0.0
0.5,0.0
0.5,0.0
0.5,0.0
0.5,0.0
0.5,0.0
0.5,0.0
0.5,0.0
0.5,0.0
0.5,0.0
0.5,0.0
0.5,0.0
0.5,0.0
0.5,0.0
0.5,0.0
0.5,0.0
0.5,0.0
0.5,0.0
0.5,0.0
0.5,0.0
0.5,0.0
0.5,0.0
0.5,0.0
0.5,0.0
0.5,0.0
0.5,0.0
0.5,0.0
0.5,0.0
0.5,0.0
0.5,0.0
0.5,0.0
0.5,0.0
0.5,0.0
0.5,0.0
0.5,0.0
0.5,0.0
12.500239522004525,10.0
13.097860075872633,0.0
0.5,0.0
0.5,0.0
0.5,0.0
0.5,0.0
0.5,0.0
0.5,0.0
0.5,0.0
0.5,0.0
0.5,0.0
0.5,0.0
0.5,0.0
0.5,0.0
0.5,0.0
0.5,0.0
0.5,0.0
0.5,0.0
0.5,0.0
0.5,0.0
0.5,0.0
0.5,0.0
0.5,0.0
0.5,0.0
0.5,0.0
0.5,0.0
0.5,0.0
0.5,0.0
0.5,0.0
0.5,0.0
0.5,0.0
0.5,0.0
0.5,0.0
0.5,0.0
0.5,0.0
0.5,0.0
0.5,0.0
0.5,0.0
0.5,0.0
0.5,0.0
0.5,0.0
0.5,0.0
0.5,0.0
0.5,0.0
0.5,0.0
0.5,0.0
0.5,0.0
0.5,0.0
0.5,0.0
0.5,0.0
0.5,0.0
13.097860075872633,10.0
13.774036289970516,0.0
0.5,0.0
0.5,0.0
0.5,0.0
0.5,0.0
0.5,0.0
0.5,0.0
0.5,0.0
0.5,0.0
0.5,0.0
0.5,0.0
0.5,0.0
0.5,0.0
0.5,0.0
0.5,0.0
0.5,0.0
0.5,0.0
0.5,0.0
0.5,0.0
0.5,0.0
0.5,0.0
0.5,0.0
0.5,0.0
0.5,0.0
0.5,0.0
0.5,0.0
0.5,0.0
0.5,0.0
0.5,0.0
0.5,0.0
0.5,0.0
0.5,0.0
0.5,0.0
0.5,0.0
0.5,0.0
0.5,0.0
0.5,0.0
0.5,0.0
0.5,0.0
0.5,0.0
0.5,0.0
0.5,0.0
0.5,0.0
0.5,0.0
0.5,0.0
0.5,0.0
0.5,0.0
0.5,0.0
0.5,0.0
0.5,0.0
13.774036289970516,10.0
14.552590783048482,0.0
0.5,0.0
0.5,0.0
0.5,0.0
0.5,0.0
0.5,0.0
0.5,0.0
0.5,0.0
0.5,0.0
0.5,0.0
0.5,0.0
0.5,0.0
0.5,0.0
0.5,0.0
0.5,0.0
0.5,0.0
0.5,0.0
0.5,0.0
0.5,0.0
0.5,0.0
0.5,0.0
0.5,0.0
0.5,0.0
0.5,0.0
0.5,0.0
0.5,0.0
0.5,0.0
0.5,0.0
0.5,0.0
0.5,0.0
0.5,0.0
0.5,0.0
0.5,0.0
0.5,0.0
0.5,0.0
0.5,0.0
0.5,0.0
0.5,0.0
0.5,0.0
0.5,0.0
0.5,0.0
0.5,0.0
0.5,0.0
0.5,0.0
0.5,0.0
0.5,0.0
0.5,0.0
0.5,0.0
0.5,0.0
0.5,0.0
14.552590783048482,10.0
15.470153301528509,0.0
0.5,0.0
0.5,0.0
0.5,0.0
0.5,0.0
0.5,0.0
0.5,0.0
0.5,0.0
0.5,0.0
0.5,0.0
0.5,0.0
0.5,0.0
0.5,0.0
0.5,0.0
0.5,0.0
0.5,0.0
0.5,0.0
0.5,0.0
0.5,0.0
0.5,0.0
0.5,0.0
0.5,0.0
0.5,0.0
0.5,0.0
0.5,0.0
0.5,0.0
0.5,0.0
0.5,0.0
0.5,0.0
0.5,0.0
0.5,0.0
0.5,0.0
0.5,0.0
0.5,0.0
0.5,0.0
0.5,0.0
0.5,0.0
0.5,0.0
0.5,0.0
0.5,0.0
0.5,0.0
0.5,0.0
0.5,0.0
0.5,0.0
0.5,0.0
0.5,0.0
0.5,0.0
0.5,0.0
0.5,0.0
0.5,0.0
15.470153301528509,10.0
16.58738878752729,0.0
0.5,0.0
0.5,0.0
0.5,0.0
0.5,0.0
0.5,0.0
0.5,0.0
0.5,0.0
0.5,0.0
0.5,0.0
0.5,0.0
0.5,0.0
0.5,0.0
0.5,0.0
0.5,0.0
0.5,0.0
0.5,0.0
0.5,0.0
0.5,0.0
0.5,0.0
0.5,0.0
0.5,0.0
0.5,0.0
0.5,0.0
0.5,0.0
0.5,0.0
0.5,0.0
0.5,0.0
0.5,0.0
0.5,0.0
0.5,0.0
0.5,0.0
0.5,0.0
0.5,0.0
0.5,0.0
0.5,0.0
0.5,0.0
0.5,0.0
0.5,0.0
0.5,0.0
0.5,0.0
0.5,0.0
0.5,0.0
0.5,0.0
0.5,0.0
0.5,0.0
0.5,0.0
0.5,0.0
0.5,0.0
0.5,0.0
16.58738878752729,10.0
18.016083639264817,0.0
0.5,0.0
0.5,0.0
0.5,0.0
0.5,0.0
0.5,0.0
0.5,0.0
0.5,0.0
0.5,0.0
0.5,0.0
0.5,0.0
0.5,0.0
0.5,0.0
0.5,0.0
0.5,0.0
0.5,0.0
0.5,0.0
0.5,0.0
0.5,0.0
0.5,0.0
0.5,0.0
0.5,0.0
0.5,0.0
0.5,0.0
0.5,0.0
0.5,0.0
0.5,0.0
0.5,0.0
0.5,0.0
0.5,0.0
0.5,0.0
0.5,0.0
0.5,0.0
0.5,0.0
0.5,0.0
0.5,0.0
0.5,0.0
0.5,0.0
0.5,0.0
0.5,0.0
0.5,0.0
0.5,0.0
0.5,0.0
0.5,0.0
0.5,0.0
0.5,0.0
0.5,0.0
0.5,0.0
0.5,0.0
0.5,0.0
18.016083639264817,10.0
20.0,0.0
20.0,0.2
20.0,0.4
20.0,0.6000000000000001
20.0,0.8
20.0,1.0
20.0,1.2000000000000002
20.0,1.4000000000000001
20.0,1.6
20.0,1.8
20.0,2.0
20.0,2.2
20.0,2.4000000000000004
20.0,2.6
20.0,2.8000000000000003
20.0,3.0
20.0,3.2
20.0,3.4000000000000004
20.0,3.6
20.0,3.8000000000000003
20.0,4.0
20.0,4.2
20.0,4.4
20.0,4.6000000000000005
20.0,4.800000000000001
20.0,5.0
20.0,5.2
20.0,5.4
20.0,5.6000000000000005
20.0,5.800000000000001
20.0,6.0
20.0,6.2
20.0,6.4
20.0,6.6000000000000005
20.0,6.800000000000001
20.0,7.0
20.0,7.2
20.0,7.4
20.0,7.6000000000000005
20.0,7.800000000000001
20.0,8.0
20.0,8.200000000000001
20.0,8.4
20.0,8.6
20.0,8.8
20.0,9.0
20.0,9.200000000000001
20.0,9.4
20.0,9.600000000000001
20.0,9.8
20.0,10.0
